booking_id,guest_id,booking_date,check_in_date,check_out_date,room_type_id,rate_code_id,channel_id,segment_id,status,gross_room_revenue,commission_amount,net_room_revenue,number_of_rooms,adults_count,children_count
RES-00001,G0001,2025-02-10,2025-02-14,2025-02-15,RM03,RT03,CH02,SG01,Checked-Out,250,0.0,250.0,1,1,2
RES-00002,G0002,2025-01-28,2025-01-30,2025-01-31,RM01,RT02,CH02,SG03,No-Show,100,20.0,80.0,1,1,2
RES-00003,G0003,2025-02-11,2025-03-06,2025-03-09,RM02,RT02,CH04,SG03,Cancelled,450,0.0,450.0,1,1,2
RES-00004,G0004,2025-01-28,2025-02-08,2025-02-10,RM01,RT02,CH03,SG01,Checked-Out,400,68.0,332.0,2,1,1
RES-00005,G0005,2025-02-24,2025-03-08,2025-03-11,RM02,RT01,CH04,SG03,Checked-Out,900,0.0,900.0,2,1,2
RES-00006,G0006,2025-01-19,2025-02-15,2025-02-18,RM03,RT03,CH05,SG01,No-Show,750,0.0,750.0,1,1,2
RES-00007,G0007,2025-01-15,2025-02-09,2025-02-11,RM01,RT02,CH01,SG02,Cancelled,400,72.0,328.0,2,2,0
RES-00008,G0008,2025-01-24,2025-02-05,2025-02-06,RM03,RT03,CH01,SG03,No-Show,250,0.0,250.0,1,1,0
RES-00009,G0009,2025-01-30,2025-02-12,2025-02-14,RM03,RT05,CH02,SG03,Cancelled,500,0.0,500.0,1,1,0
RES-00010,G0010,2025-02-21,2025-03-04,2025-03-06,RM02,RT01,CH02,SG03,No-Show,600,120.0,480.0,2,1,2
RES-00011,G0011,2025-02-01,2025-02-14,2025-02-17,RM02,RT02,CH03,SG01,Checked-Out,900,153.0,747.0,2,2,2
RES-00012,G0012,2025-01-26,2025-02-07,2025-02-08,RM01,RT05,CH04,SG01,Checked-Out,100,0.0,100.0,1,1,2
RES-00013,G0013,2025-01-11,2025-02-06,2025-02-09,RM02,RT05,CH01,SG02,Cancelled,900,0.0,900.0,2,2,2
RES-00014,G0014,2025-02-25,2025-02-26,2025-03-01,RM03,RT01,CH05,SG02,No-Show,1500,0.0,1500.0,2,1,1
RES-00015,G0015,2025-01-28,2025-02-03,2025-02-05,RM01,RT03,CH05,SG01,No-Show,200,0.0,200.0,1,2,2
RES-00016,G0016,2025-02-02,2025-02-22,2025-02-23,RM01,RT03,CH02,SG03,No-Show,100,0.0,100.0,1,2,1
RES-00017,G0017,2025-01-02,2025-01-06,2025-01-08,RM02,RT02,CH01,SG01,No-Show,300,54.0,246.0,1,1,2
RES-00018,G0018,2025-02-01,2025-02-28,2025-03-01,RM03,RT02,CH02,SG03,Cancelled,250,50.0,200.0,1,2,2
RES-00019,G0019,2025-02-25,2025-03-17,2025-03-19,RM01,RT05,CH02,SG03,Cancelled,400,0.0,400.0,2,2,1
RES-00020,G0020,2025-02-27,2025-03-16,2025-03-18,RM01,RT02,CH02,SG01,Cancelled,200,40.0,160.0,1,1,2
RES-00021,G0021,2025-01-15,2025-01-16,2025-01-17,RM03,RT01,CH02,SG01,Checked-Out,500,100.0,400.0,2,1,2
RES-00022,G0022,2025-01-16,2025-01-25,2025-01-28,RM02,RT02,CH05,SG01,No-Show,900,0.0,900.0,2,1,1
RES-00023,G0023,2025-02-21,2025-03-07,2025-03-08,RM01,RT01,CH04,SG02,Cancelled,200,0.0,200.0,2,2,2
RES-00024,G0024,2025-01-04,2025-01-26,2025-01-29,RM03,RT01,CH01,SG02,No-Show,1500,270.0,1230.0,2,1,0
RES-00025,G0025,2025-01-13,2025-01-20,2025-01-23,RM02,RT02,CH04,SG01,Cancelled,900,0.0,900.0,2,1,0
RES-00026,G0026,2025-01-29,2025-02-24,2025-02-27,RM01,RT01,CH05,SG01,Checked-Out,300,0.0,300.0,1,1,1
RES-00027,G0027,2025-02-01,2025-02-17,2025-02-18,RM02,RT01,CH02,SG02,Checked-Out,300,60.0,240.0,2,2,1
RES-00028,G0028,2025-01-19,2025-02-02,2025-02-05,RM03,RT05,CH04,SG01,Checked-Out,1500,0.0,1500.0,2,1,0
RES-00029,G0029,2025-02-07,2025-03-03,2025-03-06,RM01,RT03,CH01,SG01,No-Show,600,0.0,600.0,2,1,0
RES-00030,G0030,2025-02-02,2025-02-05,2025-02-06,RM01,RT05,CH01,SG03,Checked-Out,200,0.0,200.0,2,1,2
RES-00031,G0031,2025-01-16,2025-02-04,2025-02-07,RM01,RT05,CH01,SG02,No-Show,600,0.0,600.0,2,2,0
RES-00032,G0032,2025-02-12,2025-03-07,2025-03-09,RM01,RT03,CH04,SG01,No-Show,400,0.0,400.0,2,2,1
RES-00033,G0033,2025-03-01,2025-03-26,2025-03-27,RM01,RT04,CH05,SG03,Checked-Out,100,0.0,100.0,1,1,2
RES-00034,G0034,2025-01-17,2025-01-22,2025-01-24,RM01,RT02,CH03,SG02,Checked-Out,400,68.0,332.0,2,2,2
RES-00035,G0035,2025-02-21,2025-03-14,2025-03-17,RM01,RT05,CH03,SG03,Checked-Out,300,0.0,300.0,1,2,0
RES-00036,G0036,2025-02-26,2025-03-02,2025-03-05,RM03,RT02,CH03,SG02,No-Show,750,127.5,622.5,1,2,0
RES-00037,G0037,2025-02-13,2025-03-06,2025-03-08,RM03,RT04,CH03,SG01,Checked-Out,1000,170.0,830.0,2,2,0
RES-00038,G0038,2025-01-01,2025-01-12,2025-01-13,RM03,RT03,CH02,SG03,Cancelled,500,0.0,500.0,2,1,0
RES-00039,G0039,2025-01-05,2025-02-03,2025-02-06,RM01,RT05,CH01,SG02,No-Show,300,0.0,300.0,1,2,0
RES-00040,G0040,2025-01-03,2025-01-13,2025-01-15,RM01,RT03,CH02,SG03,Checked-Out,200,0.0,200.0,1,2,2
RES-00041,G0041,2025-02-26,2025-03-26,2025-03-28,RM03,RT02,CH02,SG01,Checked-Out,1000,200.0,800.0,2,1,0
RES-00042,G0042,2025-02-17,2025-03-19,2025-03-21,RM02,RT02,CH03,SG01,No-Show,300,51.0,249.0,1,2,0
RES-00043,G0043,2025-02-24,2025-03-12,2025-03-13,RM01,RT04,CH03,SG02,Checked-Out,100,17.0,83.0,1,1,2
RES-00044,G0044,2025-01-13,2025-01-26,2025-01-28,RM02,RT01,CH03,SG02,No-Show,600,102.0,498.0,2,2,0
RES-00045,G0045,2025-01-08,2025-02-06,2025-02-08,RM01,RT05,CH03,SG01,Checked-Out,400,0.0,400.0,2,2,2
RES-00046,G0046,2025-02-20,2025-03-03,2025-03-05,RM03,RT05,CH01,SG02,No-Show,500,0.0,500.0,1,2,0
RES-00047,G0047,2025-02-15,2025-03-01,2025-03-02,RM03,RT05,CH02,SG02,Cancelled,250,0.0,250.0,1,2,2
RES-00048,G0048,2025-01-21,2025-02-12,2025-02-13,RM03,RT03,CH05,SG02,No-Show,500,0.0,500.0,2,2,1
RES-00049,G0049,2025-02-14,2025-02-24,2025-02-27,RM01,RT02,CH04,SG03,Cancelled,300,0.0,300.0,1,2,1
RES-00050,G0050,2025-02-05,2025-03-04,2025-03-05,RM02,RT03,CH02,SG02,No-Show,300,0.0,300.0,2,2,1
RES-00051,G0051,2025-01-29,2025-02-20,2025-02-21,RM03,RT04,CH02,SG03,Checked-Out,500,100.0,400.0,2,2,0
RES-00052,G0052,2025-02-22,2025-03-19,2025-03-20,RM03,RT03,CH02,SG01,Checked-Out,250,0.0,250.0,1,1,0
RES-00053,G0053,2025-01-31,2025-02-20,2025-02-21,RM02,RT04,CH05,SG01,No-Show,300,0.0,300.0,2,2,1
RES-00054,G0054,2025-01-16,2025-01-21,2025-01-24,RM03,RT01,CH01,SG02,Checked-Out,750,135.0,615.0,1,2,0
RES-00055,G0055,2025-02-05,2025-02-13,2025-02-14,RM02,RT02,CH04,SG03,No-Show,300,0.0,300.0,2,2,2
RES-00056,G0056,2025-02-22,2025-03-18,2025-03-21,RM02,RT05,CH04,SG01,No-Show,900,0.0,900.0,2,2,1
RES-00057,G0057,2025-02-18,2025-02-26,2025-03-01,RM02,RT05,CH04,SG03,Checked-Out,900,0.0,900.0,2,2,0
RES-00058,G0058,2025-02-15,2025-02-25,2025-02-26,RM02,RT03,CH03,SG03,Checked-Out,150,0.0,150.0,1,1,0
RES-00059,G0059,2025-01-25,2025-02-17,2025-02-18,RM03,RT02,CH01,SG02,Cancelled,500,90.0,410.0,2,2,1
RES-00060,G0060,2025-01-04,2025-01-11,2025-01-13,RM02,RT05,CH01,SG03,Cancelled,600,0.0,600.0,2,1,1
RES-00061,G0061,2025-01-20,2025-02-14,2025-02-16,RM02,RT05,CH05,SG03,Checked-Out,600,0.0,600.0,2,1,1
RES-00062,G0062,2025-01-28,2025-02-13,2025-02-14,RM02,RT03,CH04,SG03,Checked-Out,300,0.0,300.0,2,1,2
RES-00063,G0063,2025-02-04,2025-02-05,2025-02-07,RM03,RT05,CH01,SG01,No-Show,1000,0.0,1000.0,2,1,1
RES-00064,G0064,2025-01-12,2025-01-14,2025-01-16,RM02,RT03,CH02,SG02,Cancelled,600,0.0,600.0,2,2,1
RES-00065,G0065,2025-02-18,2025-03-17,2025-03-19,RM02,RT01,CH04,SG01,No-Show,300,0.0,300.0,1,2,0
RES-00066,G0066,2025-02-11,2025-02-14,2025-02-17,RM01,RT01,CH02,SG01,Checked-Out,300,60.0,240.0,1,1,0
RES-00067,G0067,2025-01-31,2025-02-22,2025-02-23,RM03,RT02,CH04,SG03,Cancelled,500,0.0,500.0,2,1,2
RES-00068,G0068,2025-02-08,2025-03-04,2025-03-07,RM01,RT02,CH03,SG01,No-Show,300,51.0,249.0,1,2,2
RES-00069,G0069,2025-02-13,2025-03-15,2025-03-17,RM02,RT02,CH01,SG03,No-Show,300,54.0,246.0,1,1,2
RES-00070,G0070,2025-02-19,2025-03-01,2025-03-04,RM03,RT01,CH05,SG01,Cancelled,1500,0.0,1500.0,2,2,0
RES-00071,G0071,2025-02-02,2025-02-23,2025-02-25,RM01,RT04,CH04,SG01,Cancelled,400,0.0,400.0,2,2,2
RES-00072,G0072,2025-01-10,2025-01-24,2025-01-25,RM03,RT05,CH03,SG03,No-Show,500,0.0,500.0,2,2,1
RES-00073,G0073,2025-02-22,2025-03-18,2025-03-21,RM02,RT03,CH02,SG01,Cancelled,900,0.0,900.0,2,1,1
RES-00074,G0074,2025-02-06,2025-02-26,2025-03-01,RM02,RT03,CH01,SG02,Cancelled,450,0.0,450.0,1,2,0
RES-00075,G0075,2025-01-23,2025-02-18,2025-02-20,RM02,RT03,CH05,SG03,Cancelled,300,0.0,300.0,1,1,0
RES-00076,G0076,2025-01-16,2025-02-09,2025-02-11,RM02,RT05,CH02,SG03,Cancelled,600,0.0,600.0,2,2,0
RES-00077,G0077,2025-01-06,2025-01-16,2025-01-17,RM02,RT02,CH03,SG03,No-Show,300,51.0,249.0,2,2,2
RES-00078,G0078,2025-02-03,2025-02-15,2025-02-17,RM03,RT05,CH03,SG02,No-Show,1000,0.0,1000.0,2,2,1
RES-00079,G0079,2025-01-17,2025-01-25,2025-01-26,RM03,RT02,CH03,SG01,No-Show,250,42.5,207.5,1,1,0
RES-00080,G0080,2025-02-17,2025-03-05,2025-03-07,RM03,RT05,CH05,SG03,Cancelled,500,0.0,500.0,1,1,1
RES-00081,G0081,2025-01-15,2025-01-27,2025-01-28,RM02,RT01,CH05,SG01,Cancelled,150,0.0,150.0,1,1,2
RES-00082,G0082,2025-01-19,2025-02-11,2025-02-12,RM03,RT04,CH01,SG01,No-Show,500,90.0,410.0,2,2,1
RES-00083,G0083,2025-01-29,2025-02-09,2025-02-10,RM01,RT03,CH04,SG01,Checked-Out,200,0.0,200.0,2,2,0
RES-00084,G0084,2025-02-06,2025-02-27,2025-03-02,RM01,RT02,CH02,SG03,Cancelled,300,60.0,240.0,1,1,0
RES-00085,G0085,2025-02-05,2025-03-02,2025-03-04,RM03,RT05,CH05,SG01,No-Show,1000,0.0,1000.0,2,2,1
RES-00086,G0086,2025-01-20,2025-02-17,2025-02-20,RM02,RT03,CH05,SG03,Checked-Out,450,0.0,450.0,1,1,2
RES-00087,G0087,2025-01-14,2025-01-23,2025-01-26,RM01,RT02,CH02,SG01,No-Show,300,60.0,240.0,1,1,0
RES-00088,G0088,2025-01-27,2025-02-11,2025-02-14,RM03,RT04,CH03,SG01,Checked-Out,1500,255.0,1245.0,2,2,2
RES-00089,G0089,2025-02-25,2025-03-12,2025-03-13,RM03,RT02,CH03,SG03,No-Show,250,42.5,207.5,1,2,0
RES-00090,G0090,2025-02-04,2025-02-12,2025-02-15,RM01,RT03,CH02,SG01,Checked-Out,300,0.0,300.0,1,2,2
RES-00091,G0091,2025-02-17,2025-03-16,2025-03-19,RM02,RT04,CH01,SG02,No-Show,900,162.0,738.0,2,2,1
RES-00092,G0092,2025-02-02,2025-02-20,2025-02-22,RM02,RT01,CH05,SG01,Cancelled,600,0.0,600.0,2,2,0
RES-00093,G0093,2025-01-06,2025-01-14,2025-01-17,RM03,RT05,CH01,SG03,Cancelled,750,0.0,750.0,1,1,1
RES-00094,G0094,2025-02-03,2025-02-24,2025-02-26,RM02,RT02,CH05,SG02,No-Show,600,0.0,600.0,2,1,1
RES-00095,G0095,2025-01-23,2025-02-06,2025-02-08,RM02,RT01,CH02,SG02,Cancelled,600,120.0,480.0,2,2,2
RES-00096,G0096,2025-03-02,2025-03-15,2025-03-18,RM01,RT04,CH01,SG02,Cancelled,600,108.0,492.0,2,1,1
RES-00097,G0097,2025-02-25,2025-03-14,2025-03-15,RM03,RT05,CH04,SG02,Checked-Out,250,0.0,250.0,1,2,2
RES-00098,G0098,2025-02-18,2025-03-06,2025-03-09,RM02,RT01,CH02,SG02,No-Show,450,90.0,360.0,1,2,1
RES-00099,G0099,2025-02-26,2025-03-21,2025-03-23,RM01,RT01,CH05,SG01,No-Show,200,0.0,200.0,1,2,2
RES-00100,G0100,2025-01-01,2025-01-19,2025-01-21,RM01,RT02,CH01,SG02,Checked-Out,200,36.0,164.0,1,2,2
RES-00101,G0101,2025-01-19,2025-02-05,2025-02-08,RM02,RT04,CH04,SG02,Checked-Out,900,0.0,900.0,2,1,1
RES-00102,G0102,2025-01-13,2025-02-12,2025-02-15,RM03,RT02,CH01,SG02,Cancelled,1500,270.0,1230.0,2,2,0
RES-00103,G0103,2025-01-19,2025-02-12,2025-02-14,RM03,RT05,CH04,SG01,Cancelled,1000,0.0,1000.0,2,2,1
RES-00104,G0104,2025-02-05,2025-03-02,2025-03-05,RM02,RT04,CH03,SG01,No-Show,450,76.5,373.5,1,2,0
RES-00105,G0105,2025-02-24,2025-03-21,2025-03-23,RM01,RT03,CH04,SG03,Cancelled,400,0.0,400.0,2,1,1
RES-00106,G0106,2025-01-03,2025-01-08,2025-01-11,RM03,RT03,CH01,SG02,Checked-Out,1500,0.0,1500.0,2,1,2
RES-00107,G0107,2025-01-10,2025-01-24,2025-01-27,RM01,RT01,CH04,SG02,Cancelled,600,0.0,600.0,2,1,1
RES-00108,G0108,2025-02-24,2025-03-18,2025-03-21,RM02,RT03,CH04,SG03,Checked-Out,450,0.0,450.0,1,1,2
RES-00109,G0109,2025-02-13,2025-03-15,2025-03-17,RM01,RT01,CH04,SG01,No-Show,200,0.0,200.0,1,2,0
RES-00110,G0110,2025-02-14,2025-02-24,2025-02-25,RM01,RT03,CH01,SG02,Cancelled,200,0.0,200.0,2,2,0
RES-00111,G0111,2025-01-16,2025-02-02,2025-02-04,RM03,RT02,CH02,SG01,Checked-Out,1000,200.0,800.0,2,1,1
RES-00112,G0112,2025-02-28,2025-03-19,2025-03-20,RM01,RT04,CH03,SG02,Cancelled,100,17.0,83.0,1,2,1
RES-00113,G0113,2025-02-13,2025-03-03,2025-03-04,RM01,RT04,CH03,SG03,Cancelled,200,34.0,166.0,2,2,1
RES-00114,G0114,2025-02-24,2025-03-06,2025-03-07,RM02,RT04,CH01,SG01,Cancelled,300,54.0,246.0,2,2,2
RES-00115,G0115,2025-01-19,2025-01-20,2025-01-23,RM02,RT03,CH01,SG03,No-Show,450,0.0,450.0,1,2,1
RES-00116,G0116,2025-02-19,2025-03-17,2025-03-18,RM03,RT03,CH02,SG03,Checked-Out,500,0.0,500.0,2,1,2
RES-00117,G0117,2025-01-07,2025-02-05,2025-02-08,RM03,RT01,CH03,SG02,Checked-Out,1500,255.0,1245.0,2,1,0
RES-00118,G0118,2025-02-28,2025-03-10,2025-03-12,RM03,RT04,CH02,SG01,Checked-Out,1000,200.0,800.0,2,2,0
RES-00119,G0119,2025-01-17,2025-02-16,2025-02-18,RM02,RT03,CH01,SG02,Checked-Out,300,0.0,300.0,1,1,2
RES-00120,G0120,2025-02-16,2025-03-10,2025-03-12,RM03,RT03,CH01,SG02,Checked-Out,1000,0.0,1000.0,2,1,1
RES-00121,G0121,2025-01-24,2025-02-15,2025-02-18,RM03,RT03,CH05,SG02,No-Show,1500,0.0,1500.0,2,1,2
RES-00122,G0122,2025-01-15,2025-01-31,2025-02-01,RM03,RT05,CH03,SG03,Checked-Out,250,0.0,250.0,1,2,2
RES-00123,G0123,2025-01-20,2025-02-10,2025-02-12,RM01,RT02,CH01,SG01,Cancelled,400,72.0,328.0,2,1,0
RES-00124,G0124,2025-01-16,2025-02-14,2025-02-17,RM01,RT04,CH04,SG02,No-Show,600,0.0,600.0,2,1,1
RES-00125,G0125,2025-02-11,2025-02-15,2025-02-17,RM03,RT04,CH03,SG01,No-Show,1000,170.0,830.0,2,1,1
RES-00126,G0126,2025-01-29,2025-02-06,2025-02-08,RM01,RT03,CH05,SG03,Cancelled,200,0.0,200.0,1,2,1
RES-00127,G0127,2025-01-13,2025-01-17,2025-01-19,RM01,RT02,CH05,SG01,Checked-Out,400,0.0,400.0,2,1,0
RES-00128,G0128,2025-02-20,2025-03-11,2025-03-12,RM01,RT05,CH02,SG03,Checked-Out,100,0.0,100.0,1,2,0
RES-00129,G0129,2025-02-20,2025-03-21,2025-03-24,RM01,RT03,CH02,SG01,No-Show,600,0.0,600.0,2,1,0
RES-00130,G0130,2025-02-12,2025-03-12,2025-03-13,RM01,RT01,CH03,SG01,No-Show,200,34.0,166.0,2,1,0
RES-00131,G0131,2025-01-17,2025-01-19,2025-01-20,RM03,RT04,CH05,SG01,No-Show,250,0.0,250.0,1,2,1
RES-00132,G0132,2025-02-19,2025-03-03,2025-03-06,RM03,RT01,CH04,SG03,Checked-Out,750,0.0,750.0,1,2,1
RES-00133,G0133,2025-02-11,2025-02-12,2025-02-13,RM02,RT04,CH04,SG03,Checked-Out,300,0.0,300.0,2,2,0
RES-00134,G0134,2025-02-27,2025-03-02,2025-03-04,RM03,RT02,CH01,SG01,Cancelled,1000,180.0,820.0,2,2,2
RES-00135,G0135,2025-02-03,2025-02-13,2025-02-15,RM03,RT05,CH04,SG01,No-Show,500,0.0,500.0,1,1,1
RES-00136,G0136,2025-01-29,2025-02-27,2025-02-28,RM02,RT03,CH04,SG02,Cancelled,150,0.0,150.0,1,2,1
RES-00137,G0137,2025-01-21,2025-02-12,2025-02-14,RM02,RT02,CH04,SG01,Checked-Out,300,0.0,300.0,1,1,1
RES-00138,G0138,2025-01-07,2025-01-31,2025-02-03,RM02,RT02,CH05,SG01,No-Show,900,0.0,900.0,2,1,1
RES-00139,G0139,2025-01-23,2025-02-20,2025-02-23,RM02,RT01,CH03,SG03,Cancelled,900,153.0,747.0,2,1,2
RES-00140,G0140,2025-02-02,2025-02-09,2025-02-10,RM03,RT04,CH02,SG01,Cancelled,500,100.0,400.0,2,1,1
RES-00141,G0141,2025-02-06,2025-02-14,2025-02-16,RM03,RT05,CH05,SG03,No-Show,500,0.0,500.0,1,2,0
RES-00142,G0142,2025-01-12,2025-01-21,2025-01-24,RM02,RT03,CH03,SG01,Checked-Out,450,0.0,450.0,1,2,0
RES-00143,G0143,2025-01-10,2025-02-03,2025-02-06,RM01,RT01,CH05,SG01,Cancelled,600,0.0,600.0,2,2,1
RES-00144,G0144,2025-01-11,2025-01-23,2025-01-25,RM03,RT03,CH05,SG03,Checked-Out,500,0.0,500.0,1,1,0
RES-00145,G0145,2025-02-18,2025-03-10,2025-03-11,RM03,RT01,CH03,SG02,No-Show,500,85.0,415.0,2,2,2
RES-00146,G0146,2025-01-29,2025-02-12,2025-02-14,RM01,RT05,CH01,SG02,Cancelled,200,0.0,200.0,1,2,2
RES-00147,G0147,2025-02-13,2025-03-04,2025-03-06,RM03,RT03,CH01,SG01,Cancelled,500,0.0,500.0,1,1,0
RES-00148,G0148,2025-01-20,2025-01-27,2025-01-28,RM02,RT03,CH03,SG01,Checked-Out,300,0.0,300.0,2,2,0
RES-00149,G0149,2025-01-09,2025-01-22,2025-01-25,RM03,RT02,CH05,SG03,No-Show,1500,0.0,1500.0,2,1,1
RES-00150,G0150,2025-02-25,2025-03-21,2025-03-22,RM02,RT01,CH04,SG01,Cancelled,300,0.0,300.0,2,2,2
RES-00151,G0151,2025-02-10,2025-02-24,2025-02-26,RM01,RT04,CH01,SG02,Checked-Out,400,72.0,328.0,2,2,0
RES-00152,G0152,2025-01-28,2025-02-25,2025-02-26,RM01,RT04,CH05,SG02,No-Show,100,0.0,100.0,1,2,1
RES-00153,G0153,2025-02-17,2025-02-28,2025-03-01,RM02,RT02,CH01,SG03,No-Show,150,27.0,123.0,1,1,1
RES-00154,G0154,2025-01-23,2025-02-16,2025-02-19,RM01,RT02,CH01,SG01,Cancelled,300,54.0,246.0,1,1,2
RES-00155,G0155,2025-01-10,2025-02-04,2025-02-07,RM01,RT02,CH04,SG02,No-Show,600,0.0,600.0,2,2,2
RES-00156,G0156,2025-01-21,2025-01-26,2025-01-28,RM01,RT04,CH04,SG03,Cancelled,400,0.0,400.0,2,1,1
RES-00157,G0157,2025-02-02,2025-02-05,2025-02-07,RM02,RT04,CH01,SG01,Cancelled,600,108.0,492.0,2,1,2
RES-00158,G0158,2025-02-25,2025-03-25,2025-03-26,RM03,RT05,CH05,SG02,Cancelled,250,0.0,250.0,1,2,2
RES-00159,G0159,2025-02-11,2025-02-18,2025-02-20,RM03,RT04,CH05,SG01,Checked-Out,1000,0.0,1000.0,2,1,1
RES-00160,G0160,2025-02-15,2025-02-18,2025-02-21,RM03,RT02,CH01,SG01,No-Show,1500,270.0,1230.0,2,2,2
RES-00161,G0161,2025-02-03,2025-02-23,2025-02-24,RM02,RT03,CH03,SG02,Cancelled,300,0.0,300.0,2,1,2
RES-00162,G0162,2025-02-11,2025-02-22,2025-02-23,RM02,RT01,CH05,SG03,Cancelled,300,0.0,300.0,2,2,2
RES-00163,G0163,2025-02-24,2025-03-18,2025-03-21,RM01,RT03,CH01,SG03,No-Show,300,0.0,300.0,1,2,1
RES-00164,G0164,2025-02-11,2025-03-06,2025-03-09,RM02,RT02,CH05,SG03,Checked-Out,900,0.0,900.0,2,2,2
RES-00165,G0165,2025-02-20,2025-03-03,2025-03-04,RM03,RT05,CH01,SG03,No-Show,500,0.0,500.0,2,2,0
RES-00166,G0166,2025-01-24,2025-02-03,2025-02-04,RM01,RT03,CH04,SG01,Checked-Out,100,0.0,100.0,1,1,0
RES-00167,G0167,2025-01-19,2025-02-16,2025-02-17,RM03,RT05,CH05,SG01,No-Show,500,0.0,500.0,2,1,2
RES-00168,G0168,2025-01-25,2025-01-30,2025-01-31,RM01,RT05,CH02,SG03,Cancelled,100,0.0,100.0,1,2,1
RES-00169,G0169,2025-02-13,2025-03-09,2025-03-10,RM02,RT05,CH03,SG03,Cancelled,150,0.0,150.0,1,1,1
RES-00170,G0170,2025-02-21,2025-03-19,2025-03-21,RM01,RT03,CH05,SG02,Cancelled,400,0.0,400.0,2,2,2
RES-00171,G0171,2025-02-03,2025-02-17,2025-02-18,RM01,RT05,CH02,SG02,Checked-Out,200,0.0,200.0,2,2,2
RES-00172,G0172,2025-03-01,2025-03-05,2025-03-08,RM03,RT01,CH03,SG01,Checked-Out,1500,255.0,1245.0,2,2,2
RES-00173,G0173,2025-01-10,2025-02-06,2025-02-08,RM01,RT02,CH04,SG02,Checked-Out,400,0.0,400.0,2,1,1
RES-00174,G0174,2025-02-02,2025-02-14,2025-02-15,RM02,RT01,CH03,SG01,Checked-Out,300,51.0,249.0,2,1,2
RES-00175,G0175,2025-02-11,2025-02-22,2025-02-23,RM01,RT01,CH03,SG02,No-Show,100,17.0,83.0,1,2,1
RES-00176,G0176,2025-02-09,2025-02-10,2025-02-11,RM01,RT03,CH02,SG01,No-Show,200,0.0,200.0,2,1,1
RES-00177,G0177,2025-01-16,2025-01-26,2025-01-27,RM01,RT02,CH04,SG03,No-Show,200,0.0,200.0,2,1,0
RES-00178,G0178,2025-02-23,2025-03-24,2025-03-26,RM03,RT05,CH01,SG03,No-Show,500,0.0,500.0,1,1,1
RES-00179,G0179,2025-01-28,2025-01-29,2025-02-01,RM02,RT02,CH05,SG02,Checked-Out,450,0.0,450.0,1,2,0
RES-00180,G0180,2025-02-03,2025-02-21,2025-02-24,RM03,RT05,CH01,SG02,Cancelled,750,0.0,750.0,1,2,1
RES-00181,G0181,2025-01-17,2025-02-10,2025-02-11,RM02,RT01,CH03,SG01,No-Show,150,25.5,124.5,1,2,0
RES-00182,G0182,2025-01-03,2025-01-15,2025-01-18,RM02,RT02,CH04,SG03,Cancelled,450,0.0,450.0,1,1,0
RES-00183,G0183,2025-02-15,2025-03-12,2025-03-14,RM01,RT03,CH02,SG01,Checked-Out,200,0.0,200.0,1,2,1
RES-00184,G0184,2025-02-02,2025-02-15,2025-02-18,RM02,RT03,CH01,SG03,Checked-Out,900,0.0,900.0,2,2,0
RES-00185,G0185,2025-02-25,2025-03-18,2025-03-20,RM02,RT01,CH03,SG02,Cancelled,600,102.0,498.0,2,2,1
RES-00186,G0186,2025-01-12,2025-01-28,2025-01-31,RM02,RT03,CH05,SG02,Checked-Out,900,0.0,900.0,2,1,1
RES-00187,G0187,2025-02-08,2025-03-07,2025-03-08,RM03,RT03,CH03,SG01,Checked-Out,500,0.0,500.0,2,2,1
RES-00188,G0188,2025-01-29,2025-02-18,2025-02-21,RM02,RT02,CH04,SG02,Cancelled,450,0.0,450.0,1,2,2
RES-00189,G0189,2025-01-28,2025-02-06,2025-02-09,RM01,RT01,CH04,SG02,No-Show,300,0.0,300.0,1,1,0
RES-00190,G0190,2025-02-24,2025-03-16,2025-03-19,RM02,RT01,CH02,SG01,Checked-Out,900,180.0,720.0,2,2,1
RES-00191,G0191,2025-03-02,2025-03-21,2025-03-22,RM03,RT02,CH04,SG02,Cancelled,500,0.0,500.0,2,1,2
RES-00192,G0192,2025-01-09,2025-01-26,2025-01-28,RM02,RT03,CH03,SG01,Checked-Out,300,0.0,300.0,1,1,1
RES-00193,G0193,2025-02-03,2025-02-16,2025-02-19,RM01,RT03,CH03,SG03,Cancelled,300,0.0,300.0,1,2,2
RES-00194,G0194,2025-02-28,2025-03-16,2025-03-17,RM01,RT02,CH01,SG02,Checked-Out,200,36.0,164.0,2,1,2
RES-00195,G0195,2025-02-24,2025-03-07,2025-03-10,RM02,RT01,CH05,SG03,Cancelled,900,0.0,900.0,2,1,2
RES-00196,G0196,2025-02-15,2025-03-17,2025-03-20,RM03,RT02,CH03,SG03,Checked-Out,750,127.5,622.5,1,1,0
RES-00197,G0197,2025-01-16,2025-02-11,2025-02-13,RM01,RT03,CH05,SG03,Cancelled,400,0.0,400.0,2,1,2
RES-00198,G0198,2025-02-26,2025-03-01,2025-03-02,RM02,RT04,CH04,SG03,Cancelled,300,0.0,300.0,2,1,0
RES-00199,G0199,2025-01-21,2025-02-11,2025-02-12,RM02,RT04,CH05,SG02,Checked-Out,150,0.0,150.0,1,1,1
RES-00200,G0200,2025-02-02,2025-03-04,2025-03-05,RM01,RT05,CH02,SG02,Checked-Out,100,0.0,100.0,1,2,2
RES-00201,G0201,2025-01-15,2025-01-27,2025-01-30,RM02,RT01,CH03,SG01,No-Show,900,153.0,747.0,2,1,2
RES-00202,G0202,2025-01-20,2025-02-09,2025-02-12,RM01,RT05,CH02,SG03,No-Show,300,0.0,300.0,1,1,2
RES-00203,G0203,2025-02-09,2025-03-05,2025-03-08,RM02,RT05,CH01,SG01,Checked-Out,450,0.0,450.0,1,2,2
RES-00204,G0204,2025-01-14,2025-02-08,2025-02-11,RM02,RT05,CH01,SG02,No-Show,900,0.0,900.0,2,2,1
RES-00205,G0205,2025-01-16,2025-02-11,2025-02-14,RM02,RT03,CH04,SG01,No-Show,450,0.0,450.0,1,1,1
RES-00206,G0206,2025-01-27,2025-02-12,2025-02-14,RM01,RT03,CH05,SG01,Cancelled,400,0.0,400.0,2,2,1
RES-00207,G0207,2025-01-09,2025-02-03,2025-02-05,RM03,RT05,CH01,SG02,Checked-Out,1000,0.0,1000.0,2,1,1
RES-00208,G0208,2025-01-29,2025-02-06,2025-02-07,RM01,RT01,CH03,SG02,No-Show,200,34.0,166.0,2,1,0
RES-00209,G0209,2025-02-22,2025-03-05,2025-03-08,RM03,RT03,CH02,SG01,Cancelled,1500,0.0,1500.0,2,2,1
RES-00210,G0210,2025-02-01,2025-02-02,2025-02-03,RM02,RT05,CH04,SG01,Checked-Out,300,0.0,300.0,2,1,0
RES-00211,G0211,2025-01-19,2025-02-04,2025-02-07,RM03,RT04,CH03,SG03,Checked-Out,750,127.5,622.5,1,2,0
RES-00212,G0212,2025-02-26,2025-03-07,2025-03-10,RM02,RT04,CH03,SG01,Cancelled,450,76.5,373.5,1,1,1
RES-00213,G0213,2025-02-05,2025-02-15,2025-02-16,RM02,RT05,CH04,SG03,Cancelled,150,0.0,150.0,1,1,0
RES-00214,G0214,2025-01-26,2025-02-07,2025-02-09,RM03,RT03,CH02,SG01,No-Show,1000,0.0,1000.0,2,1,0
RES-00215,G0215,2025-01-03,2025-01-08,2025-01-11,RM02,RT04,CH05,SG02,Checked-Out,450,0.0,450.0,1,2,2
RES-00216,G0216,2025-01-21,2025-01-27,2025-01-29,RM03,RT03,CH05,SG02,No-Show,1000,0.0,1000.0,2,2,1
RES-00217,G0217,2025-02-22,2025-02-23,2025-02-25,RM02,RT01,CH04,SG03,Cancelled,300,0.0,300.0,1,2,1
RES-00218,G0218,2025-02-11,2025-03-09,2025-03-12,RM03,RT02,CH01,SG03,Cancelled,750,135.0,615.0,1,2,0
RES-00219,G0219,2025-02-22,2025-03-16,2025-03-17,RM01,RT05,CH01,SG01,Checked-Out,200,0.0,200.0,2,2,1
RES-00220,G0220,2025-01-10,2025-01-24,2025-01-27,RM01,RT04,CH05,SG03,Cancelled,300,0.0,300.0,1,1,2
RES-00221,G0221,2025-01-14,2025-02-01,2025-02-03,RM03,RT04,CH05,SG02,Cancelled,500,0.0,500.0,1,2,2
RES-00222,G0222,2025-01-22,2025-02-09,2025-02-11,RM03,RT03,CH05,SG02,Checked-Out,500,0.0,500.0,1,2,2
RES-00223,G0223,2025-01-20,2025-01-28,2025-01-30,RM02,RT02,CH04,SG02,Cancelled,600,0.0,600.0,2,2,1
RES-00224,G0224,2025-01-08,2025-01-27,2025-01-30,RM03,RT04,CH04,SG02,Checked-Out,1500,0.0,1500.0,2,1,1
RES-00225,G0225,2025-02-15,2025-02-18,2025-02-20,RM02,RT03,CH04,SG01,Checked-Out,600,0.0,600.0,2,2,0
RES-00226,G0226,2025-01-07,2025-01-27,2025-01-30,RM03,RT02,CH02,SG01,No-Show,750,150.0,600.0,1,1,0
RES-00227,G0227,2025-01-07,2025-01-21,2025-01-23,RM03,RT04,CH01,SG03,Checked-Out,500,90.0,410.0,1,1,1
RES-00228,G0228,2025-02-11,2025-03-13,2025-03-15,RM02,RT02,CH03,SG02,Cancelled,300,51.0,249.0,1,1,2
RES-00229,G0229,2025-02-06,2025-02-14,2025-02-17,RM03,RT01,CH02,SG02,Checked-Out,750,150.0,600.0,1,2,1
RES-00230,G0230,2025-01-12,2025-02-11,2025-02-14,RM02,RT01,CH01,SG02,No-Show,450,81.0,369.0,1,2,1
RES-00231,G0231,2025-01-30,2025-02-20,2025-02-23,RM03,RT04,CH02,SG03,Cancelled,1500,300.0,1200.0,2,1,0
RES-00232,G0232,2025-01-22,2025-01-28,2025-01-31,RM02,RT03,CH02,SG01,No-Show,900,0.0,900.0,2,2,2
RES-00233,G0233,2025-02-13,2025-03-10,2025-03-11,RM01,RT05,CH04,SG02,No-Show,200,0.0,200.0,2,1,1
RES-00234,G0234,2025-02-12,2025-02-16,2025-02-17,RM01,RT04,CH03,SG01,Checked-Out,200,34.0,166.0,2,2,0
RES-00235,G0235,2025-01-29,2025-02-23,2025-02-25,RM02,RT03,CH05,SG03,No-Show,300,0.0,300.0,1,2,2
RES-00236,G0236,2025-01-24,2025-02-16,2025-02-17,RM01,RT01,CH04,SG02,Checked-Out,200,0.0,200.0,2,2,2
RES-00237,G0237,2025-01-08,2025-01-29,2025-01-31,RM02,RT05,CH02,SG01,Checked-Out,600,0.0,600.0,2,1,1
RES-00238,G0238,2025-02-17,2025-03-09,2025-03-11,RM02,RT05,CH04,SG03,No-Show,300,0.0,300.0,1,1,2
RES-00239,G0239,2025-02-18,2025-03-10,2025-03-11,RM03,RT04,CH05,SG03,Cancelled,250,0.0,250.0,1,1,0
RES-00240,G0240,2025-02-23,2025-03-13,2025-03-16,RM01,RT05,CH05,SG01,Checked-Out,600,0.0,600.0,2,2,0
RES-00241,G0241,2025-02-13,2025-02-20,2025-02-23,RM03,RT04,CH01,SG03,Cancelled,750,135.0,615.0,1,2,0
RES-00242,G0242,2025-02-02,2025-02-16,2025-02-18,RM03,RT01,CH05,SG02,No-Show,1000,0.0,1000.0,2,1,1
RES-00243,G0243,2025-01-17,2025-02-13,2025-02-14,RM03,RT02,CH05,SG01,Checked-Out,500,0.0,500.0,2,2,2
RES-00244,G0244,2025-01-05,2025-01-23,2025-01-24,RM01,RT04,CH01,SG02,Cancelled,100,18.0,82.0,1,1,2
RES-00245,G0245,2025-02-16,2025-03-09,2025-03-11,RM02,RT04,CH04,SG02,Cancelled,300,0.0,300.0,1,1,2
RES-00246,G0246,2025-02-25,2025-03-09,2025-03-10,RM01,RT05,CH04,SG03,Checked-Out,100,0.0,100.0,1,1,0
RES-00247,G0247,2025-01-20,2025-02-04,2025-02-07,RM03,RT05,CH04,SG03,Cancelled,750,0.0,750.0,1,1,1
RES-00248,G0248,2025-01-23,2025-01-28,2025-01-30,RM01,RT01,CH01,SG03,Cancelled,200,36.0,164.0,1,1,0
RES-00249,G0249,2025-01-05,2025-01-09,2025-01-12,RM01,RT04,CH05,SG03,No-Show,300,0.0,300.0,1,1,2
RES-00250,G0250,2025-01-03,2025-01-16,2025-01-18,RM01,RT05,CH02,SG01,Checked-Out,400,0.0,400.0,2,1,2
RES-00251,G0251,2025-02-06,2025-02-17,2025-02-20,RM03,RT03,CH02,SG02,Checked-Out,750,0.0,750.0,1,2,1
RES-00252,G0252,2025-01-18,2025-01-20,2025-01-23,RM03,RT02,CH04,SG03,Cancelled,750,0.0,750.0,1,2,2
RES-00253,G0253,2025-02-12,2025-02-25,2025-02-28,RM02,RT04,CH04,SG01,Cancelled,900,0.0,900.0,2,1,2
RES-00254,G0254,2025-01-31,2025-02-08,2025-02-09,RM02,RT02,CH04,SG01,No-Show,300,0.0,300.0,2,2,2
RES-00255,G0255,2025-02-03,2025-02-08,2025-02-10,RM01,RT03,CH02,SG02,No-Show,200,0.0,200.0,1,2,1
RES-00256,G0256,2025-01-06,2025-01-24,2025-01-27,RM01,RT01,CH03,SG02,No-Show,300,51.0,249.0,1,1,0
RES-00257,G0257,2025-02-21,2025-03-18,2025-03-21,RM03,RT05,CH02,SG02,Checked-Out,1500,0.0,1500.0,2,2,0
RES-00258,G0258,2025-01-14,2025-02-13,2025-02-14,RM03,RT01,CH04,SG01,No-Show,250,0.0,250.0,1,2,0
RES-00259,G0259,2025-02-05,2025-02-16,2025-02-18,RM02,RT04,CH05,SG03,Cancelled,600,0.0,600.0,2,2,1
RES-00260,G0260,2025-02-02,2025-03-03,2025-03-05,RM02,RT01,CH04,SG02,Checked-Out,600,0.0,600.0,2,2,1
RES-00261,G0261,2025-01-03,2025-01-22,2025-01-23,RM03,RT02,CH01,SG02,No-Show,500,90.0,410.0,2,2,0
RES-00262,G0262,2025-01-13,2025-01-24,2025-01-25,RM02,RT05,CH02,SG02,No-Show,300,0.0,300.0,2,2,1
RES-00263,G0263,2025-02-16,2025-03-09,2025-03-12,RM02,RT04,CH02,SG03,Cancelled,450,90.0,360.0,1,1,2
RES-00264,G0264,2025-02-04,2025-02-20,2025-02-21,RM03,RT01,CH05,SG01,Checked-Out,250,0.0,250.0,1,1,1
RES-00265,G0265,2025-01-09,2025-02-05,2025-02-08,RM01,RT01,CH02,SG01,Checked-Out,600,120.0,480.0,2,2,0
RES-00266,G0266,2025-02-09,2025-03-02,2025-03-05,RM03,RT04,CH04,SG01,Checked-Out,1500,0.0,1500.0,2,1,0
RES-00267,G0267,2025-02-03,2025-02-27,2025-03-01,RM03,RT03,CH01,SG03,No-Show,1000,0.0,1000.0,2,1,0
RES-00268,G0268,2025-02-28,2025-03-04,2025-03-07,RM01,RT02,CH02,SG03,No-Show,600,120.0,480.0,2,2,1
RES-00269,G0269,2025-02-20,2025-03-05,2025-03-06,RM02,RT04,CH04,SG03,Checked-Out,150,0.0,150.0,1,2,2
RES-00270,G0270,2025-02-22,2025-03-22,2025-03-23,RM03,RT01,CH01,SG02,Cancelled,500,90.0,410.0,2,2,0
RES-00271,G0271,2025-02-10,2025-02-11,2025-02-14,RM01,RT01,CH04,SG02,No-Show,600,0.0,600.0,2,1,2
RES-00272,G0272,2025-02-28,2025-03-02,2025-03-03,RM01,RT05,CH04,SG02,Checked-Out,100,0.0,100.0,1,2,2
RES-00273,G0273,2025-02-06,2025-02-28,2025-03-01,RM01,RT03,CH01,SG01,No-Show,100,0.0,100.0,1,2,0
RES-00274,G0274,2025-01-20,2025-01-26,2025-01-29,RM01,RT05,CH04,SG03,No-Show,600,0.0,600.0,2,2,2
RES-00275,G0275,2025-01-09,2025-02-04,2025-02-07,RM03,RT01,CH05,SG03,Cancelled,750,0.0,750.0,1,1,1
RES-00276,G0276,2025-01-15,2025-02-11,2025-02-12,RM02,RT05,CH05,SG03,Cancelled,300,0.0,300.0,2,1,2
RES-00277,G0277,2025-01-18,2025-02-13,2025-02-15,RM02,RT02,CH03,SG03,Cancelled,600,102.0,498.0,2,1,2
RES-00278,G0278,2025-02-07,2025-03-01,2025-03-03,RM01,RT05,CH03,SG01,No-Show,200,0.0,200.0,1,1,1
RES-00279,G0279,2025-01-10,2025-01-23,2025-01-26,RM03,RT02,CH04,SG02,Cancelled,750,0.0,750.0,1,1,0
RES-00280,G0280,2025-03-02,2025-03-12,2025-03-14,RM02,RT03,CH01,SG01,Checked-Out,300,0.0,300.0,1,2,1
RES-00281,G0281,2025-02-05,2025-02-23,2025-02-26,RM02,RT01,CH01,SG01,Cancelled,450,81.0,369.0,1,2,1
RES-00282,G0282,2025-01-01,2025-01-11,2025-01-13,RM02,RT01,CH05,SG01,No-Show,300,0.0,300.0,1,2,0
RES-00283,G0283,2025-01-09,2025-01-18,2025-01-20,RM02,RT04,CH02,SG01,Checked-Out,600,120.0,480.0,2,2,1
RES-00284,G0284,2025-01-20,2025-02-05,2025-02-06,RM02,RT03,CH02,SG03,No-Show,300,0.0,300.0,2,1,1
RES-00285,G0285,2025-01-07,2025-01-12,2025-01-14,RM01,RT04,CH03,SG03,Cancelled,400,68.0,332.0,2,2,1
RES-00286,G0286,2025-01-28,2025-02-24,2025-02-27,RM03,RT02,CH03,SG02,No-Show,750,127.5,622.5,1,2,1
RES-00287,G0287,2025-01-12,2025-01-25,2025-01-27,RM02,RT04,CH05,SG01,Cancelled,600,0.0,600.0,2,2,1
RES-00288,G0288,2025-01-24,2025-01-28,2025-01-31,RM01,RT05,CH05,SG01,No-Show,300,0.0,300.0,1,2,2
RES-00289,G0289,2025-01-14,2025-01-29,2025-01-31,RM03,RT01,CH04,SG03,Cancelled,500,0.0,500.0,1,2,0
RES-00290,G0290,2025-01-17,2025-02-08,2025-02-09,RM03,RT04,CH04,SG01,Cancelled,500,0.0,500.0,2,2,2
RES-00291,G0291,2025-02-02,2025-03-04,2025-03-07,RM02,RT05,CH01,SG02,No-Show,450,0.0,450.0,1,1,0
RES-00292,G0292,2025-02-12,2025-03-06,2025-03-08,RM01,RT05,CH01,SG03,No-Show,400,0.0,400.0,2,2,1
RES-00293,G0293,2025-01-07,2025-01-08,2025-01-09,RM02,RT02,CH05,SG03,No-Show,150,0.0,150.0,1,2,1
RES-00294,G0294,2025-01-26,2025-02-10,2025-02-13,RM03,RT05,CH02,SG02,Checked-Out,1500,0.0,1500.0,2,1,1
RES-00295,G0295,2025-01-27,2025-02-26,2025-02-27,RM01,RT02,CH03,SG02,Cancelled,200,34.0,166.0,2,1,2
RES-00296,G0296,2025-01-31,2025-02-12,2025-02-14,RM01,RT04,CH04,SG02,Checked-Out,400,0.0,400.0,2,1,2
RES-00297,G0297,2025-01-08,2025-01-09,2025-01-11,RM03,RT01,CH02,SG03,Checked-Out,500,100.0,400.0,1,1,1
RES-00298,G0298,2025-02-05,2025-02-19,2025-02-21,RM01,RT04,CH02,SG01,No-Show,400,80.0,320.0,2,2,0
RES-00299,G0299,2025-02-17,2025-03-09,2025-03-10,RM02,RT05,CH04,SG02,Checked-Out,150,0.0,150.0,1,1,1
RES-00300,G0300,2025-02-18,2025-03-13,2025-03-14,RM03,RT01,CH05,SG01,Cancelled,500,0.0,500.0,2,1,1
RES-00301,G0301,2025-01-08,2025-01-17,2025-01-20,RM02,RT05,CH03,SG03,Cancelled,900,0.0,900.0,2,1,1
RES-00302,G0302,2025-01-23,2025-02-20,2025-02-22,RM03,RT02,CH03,SG03,No-Show,500,85.0,415.0,1,1,1
RES-00303,G0303,2025-01-08,2025-01-16,2025-01-18,RM01,RT02,CH03,SG03,Checked-Out,400,68.0,332.0,2,2,2
RES-00304,G0304,2025-01-09,2025-01-28,2025-01-30,RM02,RT02,CH04,SG03,No-Show,300,0.0,300.0,1,1,1
RES-00305,G0305,2025-01-19,2025-01-24,2025-01-25,RM02,RT04,CH05,SG01,Cancelled,150,0.0,150.0,1,2,0
RES-00306,G0306,2025-01-13,2025-02-09,2025-02-11,RM03,RT05,CH04,SG02,No-Show,1000,0.0,1000.0,2,2,2
RES-00307,G0307,2025-02-23,2025-03-10,2025-03-12,RM01,RT01,CH05,SG01,Checked-Out,400,0.0,400.0,2,1,1
RES-00308,G0308,2025-01-15,2025-02-02,2025-02-04,RM01,RT04,CH05,SG03,Cancelled,200,0.0,200.0,1,1,1
RES-00309,G0309,2025-02-19,2025-03-09,2025-03-11,RM03,RT01,CH04,SG03,Checked-Out,1000,0.0,1000.0,2,1,2
RES-00310,G0310,2025-02-23,2025-03-16,2025-03-17,RM02,RT01,CH04,SG02,Cancelled,150,0.0,150.0,1,2,0
RES-00311,G0311,2025-02-19,2025-03-17,2025-03-18,RM01,RT05,CH03,SG03,No-Show,200,0.0,200.0,2,1,2
RES-00312,G0312,2025-01-09,2025-02-04,2025-02-05,RM01,RT01,CH05,SG02,No-Show,200,0.0,200.0,2,1,1
RES-00313,G0313,2025-02-15,2025-02-25,2025-02-27,RM03,RT03,CH05,SG03,Checked-Out,500,0.0,500.0,1,2,0
RES-00314,G0314,2025-01-18,2025-02-15,2025-02-18,RM01,RT02,CH02,SG01,No-Show,600,120.0,480.0,2,1,2
RES-00315,G0315,2025-01-26,2025-02-11,2025-02-12,RM03,RT03,CH04,SG02,Cancelled,250,0.0,250.0,1,1,1
RES-00316,G0316,2025-02-02,2025-02-26,2025-02-28,RM03,RT03,CH04,SG02,Cancelled,500,0.0,500.0,1,1,2
RES-00317,G0317,2025-01-30,2025-02-20,2025-02-23,RM03,RT03,CH01,SG03,Cancelled,750,0.0,750.0,1,2,0
RES-00318,G0318,2025-02-01,2025-02-10,2025-02-12,RM02,RT03,CH05,SG03,Checked-Out,600,0.0,600.0,2,2,2
RES-00319,G0319,2025-02-18,2025-02-20,2025-02-21,RM01,RT04,CH01,SG01,Checked-Out,200,36.0,164.0,2,2,0
RES-00320,G0320,2025-01-28,2025-02-04,2025-02-07,RM01,RT03,CH02,SG02,Checked-Out,600,0.0,600.0,2,2,0
RES-00321,G0321,2025-01-24,2025-02-15,2025-02-18,RM01,RT01,CH04,SG03,Cancelled,300,0.0,300.0,1,2,2
RES-00322,G0322,2025-01-06,2025-01-29,2025-01-30,RM01,RT02,CH04,SG01,Checked-Out,100,0.0,100.0,1,2,0
RES-00323,G0323,2025-01-01,2025-01-24,2025-01-26,RM01,RT04,CH02,SG02,Checked-Out,200,40.0,160.0,1,2,0
RES-00324,G0324,2025-02-16,2025-03-14,2025-03-15,RM01,RT03,CH03,SG02,Checked-Out,200,0.0,200.0,2,1,2
RES-00325,G0325,2025-02-13,2025-02-18,2025-02-19,RM03,RT05,CH01,SG03,No-Show,250,0.0,250.0,1,2,1
RES-00326,G0326,2025-02-16,2025-02-23,2025-02-26,RM03,RT02,CH04,SG03,No-Show,1500,0.0,1500.0,2,1,0
RES-00327,G0327,2025-02-27,2025-03-03,2025-03-04,RM01,RT05,CH04,SG02,Cancelled,200,0.0,200.0,2,1,0
RES-00328,G0328,2025-01-18,2025-02-08,2025-02-09,RM01,RT05,CH05,SG03,No-Show,200,0.0,200.0,2,1,2
RES-00329,G0329,2025-02-26,2025-03-08,2025-03-09,RM03,RT05,CH05,SG01,No-Show,500,0.0,500.0,2,2,2
RES-00330,G0330,2025-01-04,2025-01-30,2025-01-31,RM02,RT04,CH01,SG01,Cancelled,150,27.0,123.0,1,1,1
RES-00331,G0331,2025-03-01,2025-03-12,2025-03-13,RM02,RT05,CH04,SG02,No-Show,150,0.0,150.0,1,2,0
RES-00332,G0332,2025-01-02,2025-01-21,2025-01-22,RM01,RT03,CH02,SG01,Checked-Out,200,0.0,200.0,2,2,2
RES-00333,G0333,2025-02-15,2025-03-04,2025-03-06,RM02,RT04,CH01,SG03,No-Show,300,54.0,246.0,1,2,0
RES-00334,G0334,2025-01-20,2025-01-23,2025-01-26,RM01,RT02,CH05,SG02,Cancelled,300,0.0,300.0,1,2,2
RES-00335,G0335,2025-01-28,2025-02-21,2025-02-22,RM01,RT02,CH01,SG02,Checked-Out,200,36.0,164.0,2,1,1
RES-00336,G0336,2025-02-12,2025-03-08,2025-03-11,RM03,RT02,CH01,SG01,No-Show,750,135.0,615.0,1,1,0
RES-00337,G0337,2025-02-01,2025-02-13,2025-02-16,RM03,RT03,CH02,SG02,Checked-Out,1500,0.0,1500.0,2,1,0
RES-00338,G0338,2025-01-22,2025-02-17,2025-02-19,RM02,RT05,CH01,SG02,No-Show,300,0.0,300.0,1,2,1
RES-00339,G0339,2025-02-02,2025-02-14,2025-02-15,RM02,RT05,CH02,SG02,Checked-Out,300,0.0,300.0,2,1,2
RES-00340,G0340,2025-02-13,2025-03-09,2025-03-10,RM01,RT05,CH01,SG01,Checked-Out,100,0.0,100.0,1,1,1
RES-00341,G0341,2025-01-24,2025-02-06,2025-02-07,RM01,RT01,CH05,SG03,No-Show,200,0.0,200.0,2,1,1
RES-00342,G0342,2025-01-16,2025-01-30,2025-02-02,RM02,RT03,CH01,SG03,Cancelled,450,0.0,450.0,1,1,0
RES-00343,G0343,2025-01-15,2025-02-10,2025-02-13,RM01,RT04,CH01,SG02,Cancelled,600,108.0,492.0,2,2,0
RES-00344,G0344,2025-02-05,2025-02-20,2025-02-21,RM02,RT02,CH03,SG03,Cancelled,150,25.5,124.5,1,2,1
RES-00345,G0345,2025-02-07,2025-02-23,2025-02-24,RM03,RT05,CH02,SG01,Checked-Out,500,0.0,500.0,2,1,0
RES-00346,G0346,2025-02-04,2025-02-16,2025-02-19,RM03,RT01,CH03,SG01,No-Show,1500,255.0,1245.0,2,2,0
RES-00347,G0347,2025-01-14,2025-01-31,2025-02-01,RM02,RT04,CH01,SG01,No-Show,300,54.0,246.0,2,1,0
RES-00348,G0348,2025-02-28,2025-03-08,2025-03-11,RM02,RT03,CH04,SG03,Checked-Out,450,0.0,450.0,1,1,2
RES-00349,G0349,2025-02-22,2025-03-07,2025-03-08,RM03,RT05,CH01,SG02,No-Show,250,0.0,250.0,1,1,1
RES-00350,G0350,2025-01-17,2025-02-14,2025-02-16,RM02,RT03,CH03,SG02,Cancelled,300,0.0,300.0,1,1,0
RES-00351,G0351,2025-01-09,2025-02-03,2025-02-06,RM01,RT02,CH01,SG01,Cancelled,600,108.0,492.0,2,2,1
RES-00352,G0352,2025-01-08,2025-01-26,2025-01-28,RM01,RT04,CH03,SG02,Cancelled,200,34.0,166.0,1,1,0
RES-00353,G0353,2025-02-21,2025-03-15,2025-03-17,RM03,RT05,CH01,SG01,Cancelled,500,0.0,500.0,1,1,2
RES-00354,G0354,2025-01-16,2025-01-28,2025-01-30,RM03,RT01,CH03,SG02,Checked-Out,500,85.0,415.0,1,2,1
RES-00355,G0355,2025-02-05,2025-03-01,2025-03-04,RM01,RT01,CH04,SG01,Checked-Out,300,0.0,300.0,1,1,0
RES-00356,G0356,2025-02-23,2025-03-20,2025-03-21,RM01,RT02,CH04,SG02,No-Show,100,0.0,100.0,1,2,0
RES-00357,G0357,2025-01-02,2025-01-05,2025-01-06,RM03,RT04,CH02,SG01,Cancelled,250,50.0,200.0,1,1,1
RES-00358,G0358,2025-01-04,2025-01-10,2025-01-13,RM02,RT04,CH04,SG01,Cancelled,900,0.0,900.0,2,1,1
RES-00359,G0359,2025-01-14,2025-02-13,2025-02-14,RM02,RT03,CH04,SG01,Checked-Out,150,0.0,150.0,1,2,1
RES-00360,G0360,2025-01-27,2025-02-25,2025-02-28,RM02,RT01,CH01,SG02,Cancelled,450,81.0,369.0,1,2,0
RES-00361,G0361,2025-02-11,2025-03-12,2025-03-15,RM01,RT05,CH01,SG02,No-Show,600,0.0,600.0,2,2,2
RES-00362,G0362,2025-02-20,2025-03-08,2025-03-10,RM03,RT05,CH03,SG02,Cancelled,500,0.0,500.0,1,1,1
RES-00363,G0363,2025-02-08,2025-02-16,2025-02-17,RM02,RT01,CH04,SG03,Cancelled,150,0.0,150.0,1,1,0
RES-00364,G0364,2025-01-16,2025-02-07,2025-02-08,RM02,RT05,CH01,SG01,No-Show,300,0.0,300.0,2,2,0
RES-00365,G0365,2025-01-12,2025-01-20,2025-01-23,RM02,RT03,CH05,SG01,No-Show,900,0.0,900.0,2,1,2
RES-00366,G0366,2025-03-02,2025-03-09,2025-03-11,RM03,RT03,CH02,SG02,Checked-Out,500,0.0,500.0,1,1,0
RES-00367,G0367,2025-02-08,2025-02-16,2025-02-17,RM03,RT04,CH01,SG02,No-Show,250,45.0,205.0,1,1,1
RES-00368,G0368,2025-02-15,2025-02-21,2025-02-23,RM01,RT01,CH02,SG03,No-Show,200,40.0,160.0,1,1,2
RES-00369,G0369,2025-02-25,2025-03-09,2025-03-10,RM02,RT04,CH05,SG01,Cancelled,300,0.0,300.0,2,2,0
RES-00370,G0370,2025-01-11,2025-02-04,2025-02-06,RM03,RT04,CH03,SG01,No-Show,1000,170.0,830.0,2,1,2
RES-00371,G0371,2025-02-07,2025-03-06,2025-03-07,RM02,RT03,CH03,SG01,Checked-Out,150,0.0,150.0,1,2,2
RES-00372,G0372,2025-01-03,2025-01-09,2025-01-12,RM02,RT05,CH02,SG03,No-Show,450,0.0,450.0,1,2,0
RES-00373,G0373,2025-01-22,2025-02-15,2025-02-16,RM01,RT03,CH03,SG01,No-Show,100,0.0,100.0,1,2,1
RES-00374,G0374,2025-01-01,2025-01-10,2025-01-11,RM01,RT01,CH03,SG02,Checked-Out,100,17.0,83.0,1,1,1
RES-00375,G0375,2025-01-29,2025-02-22,2025-02-24,RM01,RT04,CH04,SG02,Cancelled,400,0.0,400.0,2,1,1
RES-00376,G0376,2025-02-20,2025-03-20,2025-03-23,RM03,RT02,CH02,SG02,Checked-Out,750,150.0,600.0,1,2,0
RES-00377,G0377,2025-01-21,2025-01-30,2025-01-31,RM01,RT03,CH02,SG02,Checked-Out,100,0.0,100.0,1,1,1
RES-00378,G0378,2025-02-08,2025-02-28,2025-03-02,RM03,RT01,CH04,SG03,Checked-Out,1000,0.0,1000.0,2,1,0
RES-00379,G0379,2025-01-07,2025-01-18,2025-01-19,RM01,RT04,CH05,SG03,No-Show,200,0.0,200.0,2,2,1
RES-00380,G0380,2025-01-16,2025-01-20,2025-01-21,RM02,RT05,CH05,SG02,Checked-Out,150,0.0,150.0,1,2,0
RES-00381,G0381,2025-01-28,2025-01-31,2025-02-02,RM03,RT05,CH04,SG01,Checked-Out,500,0.0,500.0,1,1,0
RES-00382,G0382,2025-02-10,2025-02-20,2025-02-21,RM02,RT01,CH03,SG02,Cancelled,300,51.0,249.0,2,2,0
RES-00383,G0383,2025-02-11,2025-03-01,2025-03-03,RM01,RT03,CH04,SG02,Checked-Out,400,0.0,400.0,2,1,1
RES-00384,G0384,2025-01-29,2025-02-13,2025-02-15,RM01,RT03,CH05,SG01,Checked-Out,200,0.0,200.0,1,1,2
RES-00385,G0385,2025-01-23,2025-02-18,2025-02-21,RM02,RT05,CH02,SG03,Checked-Out,900,0.0,900.0,2,2,2
RES-00386,G0386,2025-02-13,2025-03-13,2025-03-15,RM03,RT02,CH04,SG02,Checked-Out,1000,0.0,1000.0,2,1,2
RES-00387,G0387,2025-02-06,2025-03-07,2025-03-10,RM03,RT05,CH02,SG01,Cancelled,750,0.0,750.0,1,1,0
RES-00388,G0388,2025-02-21,2025-02-28,2025-03-01,RM01,RT04,CH01,SG03,Cancelled,100,18.0,82.0,1,1,2
RES-00389,G0389,2025-01-17,2025-01-28,2025-01-31,RM01,RT01,CH04,SG03,Cancelled,600,0.0,600.0,2,2,2
RES-00390,G0390,2025-01-30,2025-03-01,2025-03-02,RM03,RT05,CH05,SG03,Cancelled,250,0.0,250.0,1,2,0
RES-00391,G0391,2025-01-10,2025-01-29,2025-02-01,RM03,RT01,CH01,SG03,Checked-Out,1500,270.0,1230.0,2,2,1
RES-00392,G0392,2025-01-17,2025-01-30,2025-02-02,RM02,RT05,CH05,SG02,Checked-Out,450,0.0,450.0,1,2,1
RES-00393,G0393,2025-01-10,2025-01-30,2025-02-02,RM03,RT04,CH01,SG02,Cancelled,750,135.0,615.0,1,1,2
RES-00394,G0394,2025-01-31,2025-03-02,2025-03-04,RM02,RT01,CH03,SG02,Cancelled,600,102.0,498.0,2,2,2
RES-00395,G0395,2025-02-13,2025-02-17,2025-02-18,RM01,RT03,CH04,SG02,Cancelled,200,0.0,200.0,2,1,0
RES-00396,G0396,2025-01-29,2025-02-05,2025-02-07,RM03,RT04,CH05,SG02,Checked-Out,500,0.0,500.0,1,1,1
RES-00397,G0397,2025-02-15,2025-03-04,2025-03-06,RM01,RT05,CH05,SG01,Checked-Out,200,0.0,200.0,1,1,0
RES-00398,G0398,2025-01-16,2025-01-18,2025-01-20,RM01,RT03,CH02,SG02,Cancelled,400,0.0,400.0,2,2,2
RES-00399,G0399,2025-03-01,2025-03-05,2025-03-08,RM01,RT02,CH03,SG02,No-Show,600,102.0,498.0,2,1,1
RES-00400,G0400,2025-02-07,2025-02-25,2025-02-27,RM02,RT02,CH03,SG03,No-Show,300,51.0,249.0,1,2,0
RES-00401,G0401,2025-01-25,2025-01-27,2025-01-28,RM03,RT02,CH02,SG03,Checked-Out,250,50.0,200.0,1,2,2
RES-00402,G0402,2025-01-27,2025-02-13,2025-02-14,RM03,RT01,CH04,SG01,No-Show,250,0.0,250.0,1,1,0
RES-00403,G0403,2025-01-17,2025-02-06,2025-02-08,RM03,RT03,CH04,SG02,Cancelled,1000,0.0,1000.0,2,2,0
RES-00404,G0404,2025-01-30,2025-02-09,2025-02-12,RM03,RT05,CH04,SG03,Checked-Out,750,0.0,750.0,1,2,2
RES-00405,G0405,2025-02-11,2025-03-03,2025-03-06,RM02,RT03,CH01,SG02,Checked-Out,900,0.0,900.0,2,2,2
RES-00406,G0406,2025-01-21,2025-02-18,2025-02-20,RM02,RT03,CH02,SG01,No-Show,300,0.0,300.0,1,1,2
RES-00407,G0407,2025-01-26,2025-02-17,2025-02-19,RM03,RT02,CH01,SG03,Cancelled,1000,180.0,820.0,2,2,1
RES-00408,G0408,2025-01-26,2025-02-08,2025-02-11,RM01,RT05,CH05,SG01,Cancelled,300,0.0,300.0,1,2,2
RES-00409,G0409,2025-01-23,2025-02-09,2025-02-11,RM01,RT05,CH02,SG02,Checked-Out,400,0.0,400.0,2,1,2
RES-00410,G0410,2025-01-17,2025-02-10,2025-02-13,RM01,RT03,CH01,SG01,Cancelled,300,0.0,300.0,1,2,1
RES-00411,G0411,2025-02-20,2025-03-21,2025-03-23,RM02,RT03,CH05,SG02,Cancelled,300,0.0,300.0,1,2,0
RES-00412,G0412,2025-02-25,2025-03-18,2025-03-21,RM03,RT05,CH01,SG02,Checked-Out,750,0.0,750.0,1,2,2
RES-00413,G0413,2025-01-20,2025-02-03,2025-02-04,RM01,RT02,CH02,SG02,Cancelled,200,40.0,160.0,2,1,1
RES-00414,G0414,2025-02-25,2025-03-20,2025-03-21,RM01,RT04,CH03,SG03,Checked-Out,200,34.0,166.0,2,1,0
RES-00415,G0415,2025-01-29,2025-02-07,2025-02-08,RM01,RT05,CH02,SG02,Checked-Out,100,0.0,100.0,1,2,2
RES-00416,G0416,2025-01-28,2025-02-10,2025-02-12,RM02,RT04,CH01,SG01,No-Show,300,54.0,246.0,1,2,0
RES-00417,G0417,2025-02-27,2025-03-10,2025-03-13,RM01,RT01,CH01,SG03,No-Show,300,54.0,246.0,1,1,2
RES-00418,G0418,2025-02-26,2025-03-10,2025-03-12,RM01,RT01,CH04,SG03,No-Show,400,0.0,400.0,2,1,0
RES-00419,G0419,2025-02-22,2025-02-24,2025-02-26,RM02,RT04,CH05,SG03,No-Show,600,0.0,600.0,2,2,2
RES-00420,G0420,2025-01-09,2025-01-20,2025-01-22,RM02,RT02,CH02,SG02,Checked-Out,300,60.0,240.0,1,1,2
RES-00421,G0421,2025-01-09,2025-01-16,2025-01-19,RM01,RT05,CH05,SG01,Checked-Out,600,0.0,600.0,2,1,1
RES-00422,G0422,2025-02-26,2025-03-19,2025-03-21,RM03,RT05,CH01,SG03,Checked-Out,500,0.0,500.0,1,1,0
RES-00423,G0423,2025-02-14,2025-02-18,2025-02-20,RM02,RT04,CH01,SG03,Cancelled,600,108.0,492.0,2,1,0
RES-00424,G0424,2025-02-14,2025-03-08,2025-03-11,RM01,RT03,CH04,SG03,Checked-Out,600,0.0,600.0,2,1,1
RES-00425,G0425,2025-02-23,2025-03-24,2025-03-25,RM03,RT05,CH01,SG02,Checked-Out,250,0.0,250.0,1,2,0
RES-00426,G0426,2025-02-08,2025-02-15,2025-02-17,RM03,RT02,CH03,SG03,Cancelled,1000,170.0,830.0,2,1,0
RES-00427,G0427,2025-02-05,2025-02-21,2025-02-22,RM03,RT04,CH03,SG01,Checked-Out,250,42.5,207.5,1,1,0
RES-00428,G0428,2025-02-23,2025-03-14,2025-03-17,RM02,RT02,CH01,SG03,Checked-Out,450,81.0,369.0,1,2,2
RES-00429,G0429,2025-01-15,2025-01-30,2025-02-01,RM02,RT04,CH01,SG01,Checked-Out,300,54.0,246.0,1,2,1
RES-00430,G0430,2025-02-21,2025-03-15,2025-03-17,RM02,RT01,CH01,SG01,Checked-Out,300,54.0,246.0,1,1,1
RES-00431,G0431,2025-01-23,2025-02-21,2025-02-23,RM03,RT03,CH01,SG02,Cancelled,500,0.0,500.0,1,1,1
RES-00432,G0432,2025-01-26,2025-02-10,2025-02-12,RM02,RT04,CH04,SG03,Checked-Out,300,0.0,300.0,1,1,2
RES-00433,G0433,2025-02-16,2025-02-18,2025-02-19,RM01,RT04,CH05,SG02,No-Show,200,0.0,200.0,2,1,2
RES-00434,G0434,2025-01-25,2025-02-19,2025-02-21,RM03,RT01,CH02,SG02,Cancelled,500,100.0,400.0,1,2,1
RES-00435,G0435,2025-01-03,2025-01-06,2025-01-08,RM03,RT03,CH01,SG03,No-Show,500,0.0,500.0,1,2,2
RES-00436,G0436,2025-02-03,2025-02-26,2025-03-01,RM03,RT01,CH04,SG03,No-Show,750,0.0,750.0,1,2,1
RES-00437,G0437,2025-02-12,2025-03-06,2025-03-09,RM02,RT02,CH05,SG03,Checked-Out,450,0.0,450.0,1,1,2
RES-00438,G0438,2025-02-24,2025-03-12,2025-03-14,RM01,RT01,CH04,SG02,Checked-Out,400,0.0,400.0,2,2,0
RES-00439,G0439,2025-02-02,2025-02-10,2025-02-13,RM03,RT04,CH04,SG01,Checked-Out,1500,0.0,1500.0,2,2,2
RES-00440,G0440,2025-01-29,2025-02-01,2025-02-03,RM02,RT03,CH01,SG02,No-Show,300,0.0,300.0,1,1,1
RES-00441,G0441,2025-01-27,2025-01-29,2025-02-01,RM03,RT01,CH01,SG03,No-Show,1500,270.0,1230.0,2,1,2
RES-00442,G0442,2025-02-12,2025-02-27,2025-03-01,RM02,RT01,CH02,SG02,Cancelled,600,120.0,480.0,2,2,2
RES-00443,G0443,2025-01-29,2025-02-02,2025-02-03,RM03,RT02,CH01,SG02,Cancelled,500,90.0,410.0,2,2,2
RES-00444,G0444,2025-01-07,2025-01-09,2025-01-10,RM02,RT02,CH04,SG01,Cancelled,150,0.0,150.0,1,1,0
RES-00445,G0445,2025-03-01,2025-03-29,2025-03-31,RM01,RT04,CH02,SG03,Cancelled,200,40.0,160.0,1,2,0
RES-00446,G0446,2025-03-01,2025-03-22,2025-03-25,RM03,RT01,CH04,SG02,No-Show,750,0.0,750.0,1,2,0
RES-00447,G0447,2025-02-03,2025-02-27,2025-02-28,RM03,RT04,CH05,SG02,No-Show,250,0.0,250.0,1,1,2
RES-00448,G0448,2025-02-22,2025-02-27,2025-02-28,RM02,RT05,CH05,SG02,No-Show,300,0.0,300.0,2,2,2
RES-00449,G0449,2025-02-28,2025-03-23,2025-03-24,RM02,RT04,CH03,SG02,Cancelled,150,25.5,124.5,1,1,1
RES-00450,G0450,2025-02-08,2025-03-03,2025-03-06,RM03,RT03,CH05,SG02,No-Show,750,0.0,750.0,1,1,0
RES-00451,G0451,2025-02-09,2025-03-04,2025-03-06,RM03,RT03,CH02,SG03,No-Show,500,0.0,500.0,1,2,2
RES-00452,G0452,2025-01-08,2025-02-02,2025-02-04,RM03,RT04,CH05,SG03,No-Show,1000,0.0,1000.0,2,2,1
RES-00453,G0453,2025-02-21,2025-02-22,2025-02-25,RM01,RT01,CH04,SG01,Checked-Out,300,0.0,300.0,1,1,1
RES-00454,G0454,2025-02-18,2025-03-16,2025-03-17,RM02,RT03,CH02,SG01,No-Show,300,0.0,300.0,2,1,2
RES-00455,G0455,2025-01-03,2025-01-15,2025-01-17,RM01,RT05,CH05,SG01,No-Show,400,0.0,400.0,2,1,2
RES-00456,G0456,2025-02-20,2025-03-18,2025-03-21,RM02,RT01,CH04,SG02,Cancelled,900,0.0,900.0,2,1,0
RES-00457,G0457,2025-02-17,2025-02-26,2025-02-27,RM03,RT04,CH02,SG03,No-Show,500,100.0,400.0,2,1,2
RES-00458,G0458,2025-01-13,2025-01-23,2025-01-25,RM01,RT01,CH02,SG01,No-Show,200,40.0,160.0,1,2,0
RES-00459,G0459,2025-01-28,2025-02-06,2025-02-09,RM02,RT02,CH02,SG03,Cancelled,450,90.0,360.0,1,2,1
RES-00460,G0460,2025-02-15,2025-03-17,2025-03-18,RM01,RT02,CH03,SG03,Checked-Out,200,34.0,166.0,2,2,2
RES-00461,G0461,2025-02-05,2025-02-17,2025-02-18,RM03,RT03,CH05,SG01,Checked-Out,250,0.0,250.0,1,1,1
RES-00462,G0462,2025-02-04,2025-02-22,2025-02-24,RM01,RT03,CH02,SG01,No-Show,400,0.0,400.0,2,2,1
RES-00463,G0463,2025-01-19,2025-01-26,2025-01-29,RM03,RT04,CH05,SG03,Checked-Out,750,0.0,750.0,1,2,1
RES-00464,G0464,2025-01-16,2025-02-14,2025-02-17,RM03,RT05,CH02,SG01,No-Show,1500,0.0,1500.0,2,2,0
RES-00465,G0465,2025-01-25,2025-02-03,2025-02-06,RM03,RT03,CH01,SG03,Cancelled,1500,0.0,1500.0,2,2,0
RES-00466,G0466,2025-01-19,2025-02-17,2025-02-20,RM01,RT03,CH05,SG01,Checked-Out,300,0.0,300.0,1,1,2
RES-00467,G0467,2025-01-05,2025-01-12,2025-01-15,RM03,RT02,CH04,SG01,Checked-Out,1500,0.0,1500.0,2,1,2
RES-00468,G0468,2025-02-13,2025-02-18,2025-02-19,RM02,RT03,CH01,SG01,Checked-Out,150,0.0,150.0,1,1,1
RES-00469,G0469,2025-02-05,2025-02-08,2025-02-11,RM01,RT03,CH04,SG02,Cancelled,600,0.0,600.0,2,2,1
RES-00470,G0470,2025-01-02,2025-01-15,2025-01-18,RM01,RT05,CH01,SG03,No-Show,300,0.0,300.0,1,1,2
RES-00471,G0471,2025-02-24,2025-02-27,2025-03-01,RM03,RT01,CH03,SG03,Cancelled,500,85.0,415.0,1,2,1
RES-00472,G0472,2025-01-25,2025-02-07,2025-02-10,RM01,RT04,CH02,SG03,Checked-Out,300,60.0,240.0,1,2,2
RES-00473,G0473,2025-01-19,2025-02-09,2025-02-10,RM02,RT03,CH01,SG03,No-Show,150,0.0,150.0,1,1,0
RES-00474,G0474,2025-01-01,2025-01-20,2025-01-23,RM02,RT05,CH05,SG01,Cancelled,450,0.0,450.0,1,2,0
RES-00475,G0475,2025-01-27,2025-02-25,2025-02-28,RM03,RT02,CH02,SG01,Checked-Out,1500,300.0,1200.0,2,1,0
RES-00476,G0476,2025-01-12,2025-02-03,2025-02-06,RM01,RT05,CH04,SG03,No-Show,300,0.0,300.0,1,2,2
RES-00477,G0477,2025-01-05,2025-01-14,2025-01-15,RM01,RT05,CH04,SG02,Cancelled,100,0.0,100.0,1,1,0
RES-00478,G0478,2025-01-19,2025-02-08,2025-02-09,RM01,RT03,CH04,SG02,Cancelled,200,0.0,200.0,2,1,2
RES-00479,G0479,2025-02-06,2025-02-18,2025-02-20,RM02,RT02,CH01,SG02,Checked-Out,300,54.0,246.0,1,2,1
RES-00480,G0480,2025-02-23,2025-03-07,2025-03-08,RM03,RT03,CH04,SG02,Cancelled,500,0.0,500.0,2,2,1
RES-00481,G0481,2025-02-05,2025-02-09,2025-02-10,RM03,RT05,CH01,SG02,Checked-Out,250,0.0,250.0,1,2,2
RES-00482,G0482,2025-02-26,2025-03-19,2025-03-20,RM03,RT01,CH01,SG03,No-Show,250,45.0,205.0,1,2,2
RES-00483,G0483,2025-01-14,2025-02-13,2025-02-14,RM03,RT03,CH05,SG03,Cancelled,250,0.0,250.0,1,2,1
RES-00484,G0484,2025-01-15,2025-02-13,2025-02-16,RM03,RT03,CH02,SG02,No-Show,750,0.0,750.0,1,2,1
RES-00485,G0485,2025-02-02,2025-02-03,2025-02-06,RM01,RT05,CH02,SG03,Checked-Out,600,0.0,600.0,2,1,0
RES-00486,G0486,2025-02-06,2025-02-25,2025-02-28,RM01,RT04,CH03,SG01,Checked-Out,600,102.0,498.0,2,1,0
RES-00487,G0487,2025-01-17,2025-01-29,2025-01-30,RM01,RT02,CH05,SG02,Cancelled,200,0.0,200.0,2,2,0
RES-00488,G0488,2025-01-03,2025-01-24,2025-01-26,RM01,RT05,CH03,SG03,Cancelled,200,0.0,200.0,1,2,2
RES-00489,G0489,2025-01-25,2025-02-06,2025-02-09,RM03,RT01,CH05,SG02,Cancelled,750,0.0,750.0,1,2,1
RES-00490,G0490,2025-02-22,2025-03-22,2025-03-24,RM02,RT04,CH05,SG01,No-Show,300,0.0,300.0,1,2,0
RES-00491,G0491,2025-01-15,2025-01-18,2025-01-21,RM03,RT03,CH02,SG01,Checked-Out,750,0.0,750.0,1,2,2
RES-00492,G0492,2025-02-15,2025-03-14,2025-03-15,RM03,RT02,CH04,SG02,No-Show,250,0.0,250.0,1,2,2
RES-00493,G0493,2025-01-31,2025-02-16,2025-02-17,RM03,RT02,CH04,SG01,Checked-Out,250,0.0,250.0,1,1,2
RES-00494,G0494,2025-02-07,2025-02-13,2025-02-14,RM03,RT05,CH01,SG03,Checked-Out,250,0.0,250.0,1,1,1
RES-00495,G0495,2025-03-01,2025-03-07,2025-03-10,RM02,RT05,CH05,SG03,Checked-Out,900,0.0,900.0,2,1,0
RES-00496,G0496,2025-01-29,2025-02-18,2025-02-20,RM02,RT02,CH02,SG02,No-Show,300,60.0,240.0,1,1,2
RES-00497,G0497,2025-02-12,2025-03-01,2025-03-03,RM01,RT03,CH04,SG03,No-Show,200,0.0,200.0,1,1,1
RES-00498,G0498,2025-01-25,2025-01-30,2025-01-31,RM01,RT02,CH05,SG03,No-Show,200,0.0,200.0,2,1,2
RES-00499,G0499,2025-01-07,2025-01-13,2025-01-15,RM03,RT05,CH01,SG03,No-Show,500,0.0,500.0,1,1,1
RES-00500,G0500,2025-02-12,2025-02-17,2025-02-20,RM03,RT01,CH04,SG03,Cancelled,1500,0.0,1500.0,2,1,2
RES-00501,G0501,2025-02-03,2025-02-17,2025-02-18,RM02,RT04,CH03,SG03,No-Show,150,25.5,124.5,1,2,0
RES-00502,G0502,2025-01-17,2025-02-02,2025-02-03,RM01,RT03,CH05,SG03,Cancelled,200,0.0,200.0,2,1,0
RES-00503,G0503,2025-02-15,2025-03-11,2025-03-12,RM03,RT05,CH01,SG03,Checked-Out,500,0.0,500.0,2,1,2
RES-00504,G0504,2025-02-21,2025-03-04,2025-03-06,RM02,RT01,CH02,SG02,No-Show,600,120.0,480.0,2,2,2
RES-00505,G0505,2025-01-28,2025-02-16,2025-02-18,RM03,RT03,CH04,SG01,Cancelled,1000,0.0,1000.0,2,1,1
RES-00506,G0506,2025-02-05,2025-02-23,2025-02-25,RM02,RT03,CH05,SG02,No-Show,600,0.0,600.0,2,1,2
RES-00507,G0507,2025-01-08,2025-02-01,2025-02-02,RM02,RT02,CH01,SG01,No-Show,300,54.0,246.0,2,2,2
RES-00508,G0508,2025-02-09,2025-03-04,2025-03-07,RM03,RT01,CH02,SG02,No-Show,750,150.0,600.0,1,1,0
RES-00509,G0509,2025-01-31,2025-03-02,2025-03-05,RM02,RT01,CH01,SG02,Checked-Out,900,162.0,738.0,2,1,2
RES-00510,G0510,2025-01-03,2025-01-27,2025-01-29,RM02,RT05,CH05,SG02,No-Show,300,0.0,300.0,1,1,2
RES-00511,G0511,2025-02-01,2025-02-16,2025-02-17,RM01,RT05,CH03,SG01,Checked-Out,100,0.0,100.0,1,1,2
RES-00512,G0512,2025-01-03,2025-01-15,2025-01-16,RM03,RT01,CH02,SG01,Cancelled,500,100.0,400.0,2,2,2
RES-00513,G0513,2025-01-26,2025-02-08,2025-02-11,RM01,RT05,CH01,SG03,No-Show,300,0.0,300.0,1,1,2
RES-00514,G0514,2025-01-19,2025-02-12,2025-02-15,RM03,RT03,CH03,SG02,Checked-Out,750,0.0,750.0,1,2,1
RES-00515,G0515,2025-02-06,2025-02-07,2025-02-09,RM01,RT04,CH05,SG01,No-Show,200,0.0,200.0,1,2,1
RES-00516,G0516,2025-03-02,2025-03-06,2025-03-09,RM02,RT05,CH05,SG02,No-Show,900,0.0,900.0,2,2,2
RES-00517,G0517,2025-01-31,2025-02-25,2025-02-26,RM02,RT04,CH04,SG03,Checked-Out,300,0.0,300.0,2,1,1
RES-00518,G0518,2025-01-05,2025-01-18,2025-01-21,RM01,RT02,CH03,SG02,Cancelled,300,51.0,249.0,1,2,0
RES-00519,G0519,2025-01-19,2025-01-22,2025-01-24,RM03,RT03,CH01,SG03,Checked-Out,1000,0.0,1000.0,2,2,1
RES-00520,G0520,2025-01-14,2025-02-12,2025-02-15,RM02,RT02,CH02,SG02,No-Show,450,90.0,360.0,1,1,2
RES-00521,G0521,2025-01-16,2025-02-13,2025-02-15,RM01,RT02,CH02,SG01,No-Show,400,80.0,320.0,2,1,0
RES-00522,G0522,2025-01-08,2025-02-07,2025-02-08,RM03,RT04,CH05,SG01,No-Show,250,0.0,250.0,1,2,1
RES-00523,G0523,2025-02-09,2025-02-20,2025-02-22,RM03,RT03,CH04,SG01,No-Show,1000,0.0,1000.0,2,2,0
RES-00524,G0524,2025-02-18,2025-03-09,2025-03-10,RM01,RT05,CH04,SG02,No-Show,100,0.0,100.0,1,2,1
RES-00525,G0525,2025-02-25,2025-03-19,2025-03-20,RM02,RT01,CH05,SG02,Cancelled,150,0.0,150.0,1,1,2
RES-00526,G0526,2025-01-14,2025-01-27,2025-01-30,RM01,RT03,CH03,SG03,Cancelled,300,0.0,300.0,1,2,0
RES-00527,G0527,2025-01-18,2025-02-03,2025-02-06,RM02,RT03,CH02,SG02,Cancelled,450,0.0,450.0,1,2,2
RES-00528,G0528,2025-02-18,2025-03-02,2025-03-04,RM02,RT03,CH04,SG01,No-Show,300,0.0,300.0,1,1,0
RES-00529,G0529,2025-02-16,2025-02-25,2025-02-26,RM03,RT04,CH04,SG01,Checked-Out,250,0.0,250.0,1,2,0
RES-00530,G0530,2025-01-12,2025-01-26,2025-01-28,RM01,RT05,CH05,SG03,Cancelled,400,0.0,400.0,2,2,1
RES-00531,G0531,2025-02-05,2025-03-05,2025-03-08,RM01,RT04,CH01,SG03,Checked-Out,300,54.0,246.0,1,1,1
RES-00532,G0532,2025-01-31,2025-02-27,2025-03-02,RM01,RT04,CH03,SG02,Cancelled,600,102.0,498.0,2,2,1
RES-00533,G0533,2025-01-02,2025-01-16,2025-01-17,RM02,RT05,CH02,SG03,No-Show,150,0.0,150.0,1,2,1
RES-00534,G0534,2025-01-21,2025-02-12,2025-02-15,RM02,RT04,CH01,SG02,No-Show,900,162.0,738.0,2,2,2
RES-00535,G0535,2025-01-10,2025-02-07,2025-02-08,RM03,RT03,CH04,SG03,No-Show,500,0.0,500.0,2,1,0
RES-00536,G0536,2025-01-11,2025-01-22,2025-01-23,RM02,RT03,CH03,SG03,Cancelled,300,0.0,300.0,2,2,1
RES-00537,G0537,2025-02-19,2025-03-19,2025-03-21,RM03,RT05,CH05,SG02,Cancelled,500,0.0,500.0,1,1,0
RES-00538,G0538,2025-01-09,2025-02-02,2025-02-03,RM03,RT03,CH01,SG01,Checked-Out,500,0.0,500.0,2,1,0
RES-00539,G0539,2025-01-05,2025-02-04,2025-02-06,RM03,RT01,CH01,SG02,No-Show,500,90.0,410.0,1,1,1
RES-00540,G0540,2025-02-09,2025-02-14,2025-02-15,RM03,RT04,CH03,SG01,Checked-Out,500,85.0,415.0,2,2,2
RES-00541,G0541,2025-01-09,2025-01-14,2025-01-17,RM01,RT01,CH01,SG03,Cancelled,600,108.0,492.0,2,2,1
RES-00542,G0542,2025-02-25,2025-03-15,2025-03-17,RM03,RT04,CH02,SG03,No-Show,500,100.0,400.0,1,2,2
RES-00543,G0543,2025-02-17,2025-03-10,2025-03-13,RM02,RT05,CH05,SG02,Cancelled,900,0.0,900.0,2,1,0
RES-00544,G0544,2025-01-29,2025-02-08,2025-02-10,RM02,RT03,CH02,SG02,Checked-Out,300,0.0,300.0,1,1,1
RES-00545,G0545,2025-01-19,2025-02-04,2025-02-07,RM01,RT04,CH04,SG02,Checked-Out,600,0.0,600.0,2,2,2
RES-00546,G0546,2025-01-15,2025-02-10,2025-02-11,RM03,RT03,CH02,SG02,No-Show,500,0.0,500.0,2,2,0
RES-00547,G0547,2025-01-11,2025-02-03,2025-02-06,RM03,RT04,CH04,SG01,Cancelled,750,0.0,750.0,1,2,2
RES-00548,G0548,2025-01-16,2025-02-02,2025-02-05,RM03,RT03,CH03,SG03,No-Show,1500,0.0,1500.0,2,2,0
RES-00549,G0549,2025-02-24,2025-02-27,2025-02-28,RM01,RT03,CH01,SG03,Cancelled,200,0.0,200.0,2,2,2
RES-00550,G0550,2025-02-09,2025-02-25,2025-02-26,RM02,RT01,CH02,SG01,No-Show,150,30.0,120.0,1,1,0
RES-00551,G0551,2025-01-19,2025-01-28,2025-01-29,RM03,RT04,CH01,SG01,Checked-Out,250,45.0,205.0,1,1,1
RES-00552,G0552,2025-01-14,2025-01-25,2025-01-27,RM02,RT04,CH03,SG02,No-Show,300,51.0,249.0,1,2,0
RES-00553,G0553,2025-02-23,2025-03-20,2025-03-21,RM01,RT03,CH04,SG01,No-Show,200,0.0,200.0,2,1,0
RES-00554,G0554,2025-02-27,2025-03-26,2025-03-28,RM02,RT01,CH01,SG03,Checked-Out,600,108.0,492.0,2,2,0
RES-00555,G0555,2025-02-17,2025-02-19,2025-02-20,RM02,RT01,CH05,SG03,Checked-Out,300,0.0,300.0,2,2,2
RES-00556,G0556,2025-01-20,2025-02-19,2025-02-21,RM01,RT01,CH05,SG03,Checked-Out,400,0.0,400.0,2,2,2
RES-00557,G0557,2025-01-20,2025-01-27,2025-01-29,RM01,RT02,CH01,SG01,No-Show,400,72.0,328.0,2,2,0
RES-00558,G0558,2025-01-11,2025-02-06,2025-02-08,RM03,RT01,CH04,SG01,Checked-Out,500,0.0,500.0,1,2,2
RES-00559,G0559,2025-02-08,2025-02-13,2025-02-15,RM01,RT02,CH02,SG02,Checked-Out,400,80.0,320.0,2,1,0
RES-00560,G0560,2025-01-23,2025-02-13,2025-02-14,RM03,RT05,CH01,SG01,Cancelled,250,0.0,250.0,1,2,2
RES-00561,G0561,2025-02-20,2025-03-13,2025-03-15,RM02,RT02,CH01,SG03,Cancelled,600,108.0,492.0,2,1,1
RES-00562,G0562,2025-02-27,2025-03-01,2025-03-03,RM03,RT04,CH05,SG02,No-Show,1000,0.0,1000.0,2,1,2
RES-00563,G0563,2025-01-12,2025-01-30,2025-02-01,RM02,RT04,CH03,SG03,No-Show,300,51.0,249.0,1,1,2
RES-00564,G0564,2025-01-10,2025-01-25,2025-01-27,RM02,RT05,CH03,SG02,Checked-Out,600,0.0,600.0,2,1,0
RES-00565,G0565,2025-02-09,2025-03-09,2025-03-11,RM03,RT02,CH03,SG03,Checked-Out,1000,170.0,830.0,2,1,2
RES-00566,G0566,2025-02-13,2025-03-01,2025-03-04,RM01,RT05,CH03,SG02,Cancelled,600,0.0,600.0,2,1,0
RES-00567,G0567,2025-02-03,2025-02-25,2025-02-26,RM01,RT02,CH02,SG01,Checked-Out,100,20.0,80.0,1,2,0
RES-00568,G0568,2025-01-07,2025-01-09,2025-01-12,RM03,RT04,CH04,SG03,No-Show,1500,0.0,1500.0,2,1,1
RES-00569,G0569,2025-01-15,2025-02-04,2025-02-07,RM01,RT01,CH02,SG03,Cancelled,300,60.0,240.0,1,2,2
RES-00570,G0570,2025-01-04,2025-01-16,2025-01-19,RM03,RT04,CH03,SG03,Checked-Out,1500,255.0,1245.0,2,1,2
RES-00571,G0571,2025-01-05,2025-02-01,2025-02-03,RM01,RT02,CH05,SG01,Checked-Out,200,0.0,200.0,1,2,0
RES-00572,G0572,2025-01-13,2025-01-30,2025-02-02,RM01,RT05,CH02,SG03,No-Show,600,0.0,600.0,2,1,2
RES-00573,G0573,2025-02-06,2025-02-18,2025-02-21,RM02,RT04,CH01,SG01,Checked-Out,900,162.0,738.0,2,2,2
RES-00574,G0574,2025-01-11,2025-01-29,2025-02-01,RM02,RT03,CH03,SG03,Cancelled,900,0.0,900.0,2,2,2
RES-00575,G0575,2025-01-28,2025-02-24,2025-02-27,RM02,RT05,CH02,SG03,No-Show,450,0.0,450.0,1,2,2
RES-00576,G0576,2025-03-01,2025-03-25,2025-03-27,RM02,RT04,CH04,SG02,Checked-Out,300,0.0,300.0,1,2,2
RES-00577,G0577,2025-01-02,2025-01-19,2025-01-20,RM02,RT01,CH03,SG01,Checked-Out,300,51.0,249.0,2,1,2
RES-00578,G0578,2025-02-22,2025-03-03,2025-03-06,RM03,RT05,CH05,SG03,Checked-Out,750,0.0,750.0,1,1,1
RES-00579,G0579,2025-01-23,2025-01-28,2025-01-29,RM02,RT03,CH05,SG01,Checked-Out,300,0.0,300.0,2,2,0
RES-00580,G0580,2025-02-06,2025-02-19,2025-02-22,RM01,RT01,CH03,SG02,Checked-Out,600,102.0,498.0,2,1,2
RES-00581,G0581,2025-02-11,2025-02-21,2025-02-22,RM03,RT05,CH04,SG01,Checked-Out,500,0.0,500.0,2,2,1
RES-00582,G0582,2025-01-27,2025-02-26,2025-02-27,RM01,RT05,CH01,SG03,No-Show,200,0.0,200.0,2,1,1
RES-00583,G0583,2025-02-03,2025-02-05,2025-02-07,RM03,RT05,CH02,SG02,No-Show,500,0.0,500.0,1,1,0
RES-00584,G0584,2025-02-13,2025-03-09,2025-03-11,RM02,RT05,CH05,SG03,Checked-Out,300,0.0,300.0,1,2,1
RES-00585,G0585,2025-02-20,2025-03-05,2025-03-06,RM01,RT03,CH01,SG02,No-Show,100,0.0,100.0,1,2,1
RES-00586,G0586,2025-01-06,2025-01-19,2025-01-22,RM02,RT02,CH02,SG02,No-Show,450,90.0,360.0,1,2,1
RES-00587,G0587,2025-02-11,2025-03-02,2025-03-03,RM03,RT05,CH05,SG01,Checked-Out,250,0.0,250.0,1,2,1
RES-00588,G0588,2025-01-21,2025-02-12,2025-02-15,RM01,RT01,CH04,SG02,Cancelled,600,0.0,600.0,2,1,1
RES-00589,G0589,2025-01-23,2025-02-12,2025-02-15,RM01,RT03,CH02,SG02,No-Show,600,0.0,600.0,2,1,1
RES-00590,G0590,2025-01-03,2025-02-02,2025-02-03,RM01,RT03,CH02,SG03,Checked-Out,100,0.0,100.0,1,1,0
RES-00591,G0591,2025-03-02,2025-03-22,2025-03-23,RM02,RT01,CH03,SG03,Checked-Out,300,51.0,249.0,2,2,1
RES-00592,G0592,2025-01-02,2025-01-13,2025-01-14,RM03,RT05,CH02,SG01,No-Show,500,0.0,500.0,2,2,2
RES-00593,G0593,2025-02-16,2025-02-21,2025-02-24,RM03,RT01,CH04,SG03,No-Show,750,0.0,750.0,1,2,0
RES-00594,G0594,2025-01-04,2025-01-14,2025-01-15,RM03,RT05,CH03,SG01,Cancelled,250,0.0,250.0,1,1,1
RES-00595,G0595,2025-02-12,2025-02-21,2025-02-24,RM03,RT03,CH01,SG01,Cancelled,1500,0.0,1500.0,2,1,1
RES-00596,G0596,2025-02-02,2025-02-25,2025-02-26,RM02,RT04,CH05,SG03,Checked-Out,150,0.0,150.0,1,1,2
RES-00597,G0597,2025-01-30,2025-02-17,2025-02-20,RM01,RT01,CH02,SG03,Cancelled,600,120.0,480.0,2,2,1
RES-00598,G0598,2025-02-17,2025-02-23,2025-02-24,RM02,RT03,CH03,SG03,Cancelled,150,0.0,150.0,1,2,0
RES-00599,G0599,2025-02-10,2025-02-19,2025-02-21,RM01,RT05,CH03,SG01,Checked-Out,400,0.0,400.0,2,2,2
RES-00600,G0600,2025-01-09,2025-01-12,2025-01-15,RM02,RT05,CH05,SG03,No-Show,450,0.0,450.0,1,2,0
RES-00601,G0601,2025-02-06,2025-02-11,2025-02-13,RM02,RT05,CH03,SG02,No-Show,300,0.0,300.0,1,1,2
RES-00602,G0602,2025-01-09,2025-01-28,2025-01-31,RM03,RT02,CH02,SG02,No-Show,750,150.0,600.0,1,2,0
RES-00603,G0603,2025-02-11,2025-03-13,2025-03-16,RM01,RT03,CH01,SG03,No-Show,300,0.0,300.0,1,1,1
RES-00604,G0604,2025-02-23,2025-03-24,2025-03-25,RM03,RT01,CH03,SG02,Cancelled,500,85.0,415.0,2,2,2
RES-00605,G0605,2025-03-01,2025-03-28,2025-03-31,RM03,RT03,CH02,SG01,Checked-Out,750,0.0,750.0,1,1,0
RES-00606,G0606,2025-02-18,2025-03-10,2025-03-13,RM02,RT05,CH05,SG03,Checked-Out,450,0.0,450.0,1,1,2
RES-00607,G0607,2025-01-02,2025-01-14,2025-01-15,RM03,RT04,CH02,SG03,No-Show,500,100.0,400.0,2,2,0
RES-00608,G0608,2025-02-24,2025-03-09,2025-03-11,RM02,RT02,CH02,SG01,Checked-Out,300,60.0,240.0,1,2,0
RES-00609,G0609,2025-03-01,2025-03-10,2025-03-12,RM01,RT02,CH02,SG01,Checked-Out,400,80.0,320.0,2,2,2
RES-00610,G0610,2025-01-21,2025-02-18,2025-02-20,RM01,RT04,CH04,SG01,No-Show,400,0.0,400.0,2,2,1
RES-00611,G0611,2025-02-09,2025-03-05,2025-03-08,RM03,RT05,CH05,SG03,No-Show,750,0.0,750.0,1,1,1
RES-00612,G0612,2025-01-30,2025-02-26,2025-02-27,RM01,RT05,CH05,SG02,No-Show,100,0.0,100.0,1,2,2
RES-00613,G0613,2025-02-18,2025-03-11,2025-03-12,RM01,RT03,CH04,SG02,Cancelled,200,0.0,200.0,2,2,0
RES-00614,G0614,2025-01-28,2025-02-07,2025-02-10,RM01,RT05,CH02,SG02,No-Show,600,0.0,600.0,2,1,2
RES-00615,G0615,2025-02-02,2025-02-06,2025-02-07,RM03,RT05,CH02,SG02,Cancelled,500,0.0,500.0,2,2,0
RES-00616,G0616,2025-01-12,2025-01-27,2025-01-30,RM03,RT02,CH04,SG01,Cancelled,1500,0.0,1500.0,2,1,2
RES-00617,G0617,2025-02-16,2025-02-20,2025-02-21,RM01,RT04,CH03,SG01,No-Show,200,34.0,166.0,2,1,1
RES-00618,G0618,2025-02-05,2025-02-18,2025-02-19,RM01,RT03,CH05,SG03,Checked-Out,100,0.0,100.0,1,1,0
RES-00619,G0619,2025-02-19,2025-03-14,2025-03-15,RM02,RT03,CH03,SG03,Cancelled,300,0.0,300.0,2,1,0
RES-00620,G0620,2025-02-27,2025-03-04,2025-03-05,RM01,RT05,CH03,SG01,Cancelled,200,0.0,200.0,2,2,2
RES-00621,G0621,2025-02-21,2025-02-22,2025-02-25,RM02,RT02,CH02,SG03,No-Show,900,180.0,720.0,2,2,1
RES-00622,G0622,2025-01-29,2025-02-01,2025-02-04,RM03,RT01,CH02,SG03,Cancelled,750,150.0,600.0,1,1,0
RES-00623,G0623,2025-01-10,2025-01-12,2025-01-15,RM02,RT01,CH02,SG01,No-Show,900,180.0,720.0,2,2,0
RES-00624,G0624,2025-01-04,2025-01-08,2025-01-10,RM01,RT02,CH03,SG03,No-Show,200,34.0,166.0,1,2,2
RES-00625,G0625,2025-02-07,2025-02-19,2025-02-20,RM01,RT03,CH03,SG02,Cancelled,100,0.0,100.0,1,2,2
RES-00626,G0626,2025-01-05,2025-01-15,2025-01-17,RM01,RT01,CH03,SG02,No-Show,400,68.0,332.0,2,1,2
RES-00627,G0627,2025-01-14,2025-02-03,2025-02-04,RM01,RT05,CH05,SG01,Cancelled,200,0.0,200.0,2,2,2
RES-00628,G0628,2025-02-24,2025-03-07,2025-03-09,RM03,RT05,CH05,SG02,Checked-Out,1000,0.0,1000.0,2,2,1
RES-00629,G0629,2025-02-21,2025-02-27,2025-03-02,RM01,RT03,CH02,SG01,Checked-Out,300,0.0,300.0,1,2,2
RES-00630,G0630,2025-02-20,2025-02-24,2025-02-27,RM01,RT05,CH04,SG02,Checked-Out,600,0.0,600.0,2,2,2
RES-00631,G0631,2025-02-21,2025-03-14,2025-03-15,RM01,RT02,CH03,SG02,Checked-Out,200,34.0,166.0,2,2,2
RES-00632,G0632,2025-02-05,2025-02-16,2025-02-17,RM01,RT03,CH03,SG02,No-Show,100,0.0,100.0,1,1,0
RES-00633,G0633,2025-01-22,2025-02-18,2025-02-20,RM03,RT04,CH04,SG01,No-Show,500,0.0,500.0,1,2,0
RES-00634,G0634,2025-02-10,2025-02-25,2025-02-28,RM02,RT04,CH04,SG03,Checked-Out,900,0.0,900.0,2,2,2
RES-00635,G0635,2025-02-04,2025-02-05,2025-02-06,RM03,RT03,CH03,SG01,Checked-Out,500,0.0,500.0,2,1,1
RES-00636,G0636,2025-01-25,2025-02-15,2025-02-18,RM01,RT05,CH05,SG02,Checked-Out,300,0.0,300.0,1,2,2
RES-00637,G0637,2025-02-24,2025-03-07,2025-03-10,RM01,RT03,CH04,SG01,Cancelled,300,0.0,300.0,1,2,1
RES-00638,G0638,2025-02-23,2025-03-05,2025-03-06,RM03,RT03,CH02,SG01,Cancelled,250,0.0,250.0,1,1,0
RES-00639,G0639,2025-01-29,2025-02-15,2025-02-16,RM02,RT05,CH02,SG01,Cancelled,300,0.0,300.0,2,2,1
RES-00640,G0640,2025-01-10,2025-02-04,2025-02-05,RM03,RT02,CH02,SG03,Checked-Out,500,100.0,400.0,2,2,2
RES-00641,G0641,2025-02-25,2025-03-14,2025-03-15,RM01,RT03,CH01,SG03,No-Show,100,0.0,100.0,1,2,1
RES-00642,G0642,2025-02-26,2025-02-28,2025-03-01,RM03,RT03,CH01,SG03,Cancelled,250,0.0,250.0,1,2,0
RES-00643,G0643,2025-01-13,2025-01-23,2025-01-25,RM03,RT03,CH04,SG03,Checked-Out,1000,0.0,1000.0,2,1,0
RES-00644,G0644,2025-01-18,2025-01-22,2025-01-23,RM03,RT05,CH05,SG01,Checked-Out,500,0.0,500.0,2,2,1
RES-00645,G0645,2025-01-10,2025-02-02,2025-02-04,RM03,RT02,CH02,SG01,Cancelled,1000,200.0,800.0,2,2,0
RES-00646,G0646,2025-01-09,2025-01-10,2025-01-12,RM03,RT01,CH01,SG02,Checked-Out,500,90.0,410.0,1,2,1
RES-00647,G0647,2025-01-12,2025-02-04,2025-02-07,RM03,RT04,CH05,SG02,Cancelled,1500,0.0,1500.0,2,1,2
RES-00648,G0648,2025-02-18,2025-03-12,2025-03-15,RM01,RT04,CH05,SG01,Checked-Out,600,0.0,600.0,2,1,1
RES-00649,G0649,2025-01-20,2025-02-11,2025-02-14,RM03,RT04,CH04,SG01,Checked-Out,750,0.0,750.0,1,2,1
RES-00650,G0650,2025-01-26,2025-02-01,2025-02-04,RM03,RT03,CH03,SG02,Cancelled,750,0.0,750.0,1,1,1
RES-00651,G0651,2025-01-08,2025-01-20,2025-01-22,RM02,RT02,CH03,SG02,No-Show,300,51.0,249.0,1,1,1
RES-00652,G0652,2025-02-22,2025-03-17,2025-03-18,RM02,RT05,CH01,SG02,No-Show,300,0.0,300.0,2,2,2
RES-00653,G0653,2025-01-27,2025-02-04,2025-02-07,RM01,RT05,CH02,SG02,Cancelled,300,0.0,300.0,1,2,0
RES-00654,G0654,2025-02-22,2025-03-17,2025-03-20,RM02,RT04,CH05,SG02,No-Show,450,0.0,450.0,1,1,2
RES-00655,G0655,2025-02-12,2025-02-15,2025-02-18,RM03,RT05,CH04,SG01,No-Show,1500,0.0,1500.0,2,2,2
RES-00656,G0656,2025-01-07,2025-02-03,2025-02-05,RM01,RT03,CH04,SG01,No-Show,200,0.0,200.0,1,2,1
RES-00657,G0657,2025-02-01,2025-02-22,2025-02-25,RM01,RT01,CH02,SG01,No-Show,300,60.0,240.0,1,1,2
RES-00658,G0658,2025-01-10,2025-01-25,2025-01-28,RM02,RT04,CH05,SG03,Cancelled,450,0.0,450.0,1,1,2
RES-00659,G0659,2025-02-26,2025-03-09,2025-03-11,RM03,RT03,CH04,SG03,Cancelled,500,0.0,500.0,1,1,2
RES-00660,G0660,2025-02-02,2025-02-15,2025-02-16,RM02,RT01,CH03,SG03,Checked-Out,150,25.5,124.5,1,2,0
RES-00661,G0661,2025-02-25,2025-03-07,2025-03-08,RM01,RT04,CH05,SG02,No-Show,200,0.0,200.0,2,2,1
RES-00662,G0662,2025-01-25,2025-02-08,2025-02-11,RM01,RT02,CH04,SG01,Checked-Out,600,0.0,600.0,2,2,1
RES-00663,G0663,2025-01-10,2025-01-20,2025-01-23,RM01,RT02,CH01,SG01,No-Show,300,54.0,246.0,1,1,2
RES-00664,G0664,2025-02-26,2025-03-14,2025-03-17,RM02,RT02,CH01,SG01,No-Show,900,162.0,738.0,2,2,2
RES-00665,G0665,2025-02-08,2025-03-10,2025-03-12,RM03,RT02,CH04,SG03,Cancelled,1000,0.0,1000.0,2,2,1
RES-00666,G0666,2025-01-15,2025-01-21,2025-01-23,RM03,RT01,CH05,SG02,No-Show,500,0.0,500.0,1,2,1
RES-00667,G0667,2025-03-01,2025-03-19,2025-03-22,RM02,RT01,CH01,SG03,Cancelled,900,162.0,738.0,2,1,2
RES-00668,G0668,2025-01-31,2025-02-23,2025-02-24,RM01,RT05,CH03,SG02,No-Show,100,0.0,100.0,1,1,0
RES-00669,G0669,2025-01-31,2025-02-21,2025-02-24,RM03,RT01,CH05,SG03,Cancelled,750,0.0,750.0,1,2,2
RES-00670,G0670,2025-02-19,2025-02-20,2025-02-22,RM02,RT05,CH04,SG03,No-Show,600,0.0,600.0,2,2,1
RES-00671,G0671,2025-02-21,2025-03-03,2025-03-05,RM01,RT01,CH05,SG03,Cancelled,400,0.0,400.0,2,1,2
RES-00672,G0672,2025-01-31,2025-02-19,2025-02-20,RM03,RT01,CH03,SG03,No-Show,250,42.5,207.5,1,2,1
RES-00673,G0673,2025-01-06,2025-01-11,2025-01-14,RM01,RT03,CH03,SG01,No-Show,600,0.0,600.0,2,2,1
RES-00674,G0674,2025-01-01,2025-01-25,2025-01-26,RM03,RT02,CH05,SG03,Checked-Out,500,0.0,500.0,2,2,0
RES-00675,G0675,2025-01-17,2025-02-12,2025-02-15,RM01,RT04,CH02,SG03,Checked-Out,600,120.0,480.0,2,1,0
RES-00676,G0676,2025-02-08,2025-03-10,2025-03-11,RM02,RT04,CH04,SG01,No-Show,300,0.0,300.0,2,1,0
RES-00677,G0677,2025-02-06,2025-03-02,2025-03-04,RM01,RT03,CH01,SG01,Checked-Out,400,0.0,400.0,2,2,1
RES-00678,G0678,2025-01-20,2025-02-05,2025-02-08,RM03,RT02,CH04,SG03,No-Show,1500,0.0,1500.0,2,2,1
RES-00679,G0679,2025-01-10,2025-01-27,2025-01-29,RM01,RT03,CH04,SG02,No-Show,400,0.0,400.0,2,1,0
RES-00680,G0680,2025-02-28,2025-03-18,2025-03-21,RM02,RT04,CH05,SG03,Cancelled,900,0.0,900.0,2,2,1
RES-00681,G0681,2025-02-21,2025-02-25,2025-02-27,RM03,RT05,CH04,SG02,No-Show,500,0.0,500.0,1,1,2
RES-00682,G0682,2025-01-22,2025-02-13,2025-02-16,RM01,RT03,CH05,SG01,No-Show,300,0.0,300.0,1,1,0
RES-00683,G0683,2025-01-27,2025-01-31,2025-02-03,RM01,RT04,CH03,SG01,No-Show,600,102.0,498.0,2,2,0
RES-00684,G0684,2025-01-03,2025-01-04,2025-01-07,RM01,RT01,CH05,SG03,Checked-Out,300,0.0,300.0,1,1,0
RES-00685,G0685,2025-02-24,2025-03-16,2025-03-17,RM02,RT05,CH02,SG01,No-Show,150,0.0,150.0,1,2,1
RES-00686,G0686,2025-01-30,2025-02-21,2025-02-22,RM03,RT04,CH03,SG02,No-Show,500,85.0,415.0,2,2,0
RES-00687,G0687,2025-02-19,2025-02-22,2025-02-24,RM01,RT04,CH04,SG02,Checked-Out,400,0.0,400.0,2,2,0
RES-00688,G0688,2025-01-29,2025-02-01,2025-02-03,RM01,RT05,CH04,SG01,No-Show,400,0.0,400.0,2,1,0
RES-00689,G0689,2025-02-04,2025-03-01,2025-03-03,RM01,RT05,CH01,SG02,No-Show,400,0.0,400.0,2,1,0
RES-00690,G0690,2025-01-05,2025-01-08,2025-01-11,RM03,RT03,CH04,SG01,Cancelled,750,0.0,750.0,1,1,0
RES-00691,G0691,2025-02-12,2025-02-25,2025-02-27,RM01,RT03,CH04,SG03,Checked-Out,400,0.0,400.0,2,2,1
RES-00692,G0692,2025-01-26,2025-02-23,2025-02-26,RM01,RT05,CH02,SG01,Cancelled,600,0.0,600.0,2,1,2
RES-00693,G0693,2025-02-04,2025-03-06,2025-03-08,RM02,RT03,CH04,SG01,No-Show,300,0.0,300.0,1,2,2
RES-00694,G0694,2025-02-24,2025-03-07,2025-03-08,RM02,RT03,CH02,SG01,No-Show,150,0.0,150.0,1,2,2
RES-00695,G0695,2025-01-13,2025-01-23,2025-01-26,RM02,RT01,CH03,SG02,Checked-Out,900,153.0,747.0,2,1,0
RES-00696,G0696,2025-01-03,2025-01-10,2025-01-11,RM03,RT05,CH02,SG02,Cancelled,250,0.0,250.0,1,2,1
RES-00697,G0697,2025-02-04,2025-03-03,2025-03-05,RM01,RT01,CH03,SG01,Cancelled,200,34.0,166.0,1,2,0
RES-00698,G0698,2025-01-14,2025-02-09,2025-02-12,RM03,RT05,CH04,SG03,No-Show,750,0.0,750.0,1,1,0
RES-00699,G0699,2025-01-03,2025-01-27,2025-01-28,RM02,RT01,CH04,SG03,Checked-Out,150,0.0,150.0,1,1,0
RES-00700,G0700,2025-01-12,2025-02-02,2025-02-03,RM02,RT01,CH04,SG03,Checked-Out,150,0.0,150.0,1,1,0
RES-00701,G0701,2025-02-01,2025-02-21,2025-02-24,RM01,RT01,CH02,SG02,Cancelled,600,120.0,480.0,2,2,0
RES-00702,G0702,2025-02-13,2025-03-04,2025-03-07,RM01,RT03,CH02,SG01,No-Show,300,0.0,300.0,1,2,0
RES-00703,G0703,2025-01-08,2025-01-17,2025-01-18,RM02,RT02,CH03,SG03,Checked-Out,300,51.0,249.0,2,1,2
RES-00704,G0704,2025-01-03,2025-01-08,2025-01-09,RM03,RT05,CH04,SG01,Checked-Out,500,0.0,500.0,2,1,0
RES-00705,G0705,2025-01-01,2025-01-07,2025-01-08,RM03,RT05,CH03,SG02,No-Show,500,0.0,500.0,2,1,0
RES-00706,G0706,2025-01-10,2025-01-31,2025-02-02,RM03,RT04,CH04,SG01,Checked-Out,500,0.0,500.0,1,1,2
RES-00707,G0707,2025-02-01,2025-02-21,2025-02-22,RM03,RT03,CH03,SG02,Checked-Out,250,0.0,250.0,1,1,0
RES-00708,G0708,2025-02-03,2025-02-07,2025-02-10,RM02,RT05,CH05,SG01,Cancelled,450,0.0,450.0,1,2,0
RES-00709,G0709,2025-01-13,2025-01-17,2025-01-18,RM03,RT04,CH04,SG01,Checked-Out,250,0.0,250.0,1,1,2
RES-00710,G0710,2025-01-24,2025-02-03,2025-02-04,RM02,RT03,CH03,SG03,Cancelled,150,0.0,150.0,1,1,2
RES-00711,G0711,2025-01-04,2025-02-03,2025-02-06,RM01,RT02,CH01,SG02,No-Show,300,54.0,246.0,1,1,0
RES-00712,G0712,2025-02-16,2025-03-03,2025-03-06,RM03,RT03,CH04,SG01,No-Show,1500,0.0,1500.0,2,1,0
RES-00713,G0713,2025-01-21,2025-01-29,2025-01-30,RM01,RT04,CH02,SG02,Checked-Out,100,20.0,80.0,1,2,2
RES-00714,G0714,2025-02-01,2025-02-03,2025-02-05,RM01,RT02,CH05,SG02,Checked-Out,400,0.0,400.0,2,2,0
RES-00715,G0715,2025-01-30,2025-02-23,2025-02-24,RM03,RT03,CH03,SG01,Cancelled,250,0.0,250.0,1,1,2
RES-00716,G0716,2025-02-06,2025-02-08,2025-02-10,RM01,RT01,CH04,SG02,Cancelled,200,0.0,200.0,1,2,0
RES-00717,G0717,2025-02-26,2025-03-08,2025-03-11,RM01,RT05,CH02,SG03,No-Show,300,0.0,300.0,1,1,1
RES-00718,G0718,2025-02-24,2025-03-13,2025-03-15,RM01,RT05,CH04,SG02,Cancelled,200,0.0,200.0,1,2,2
RES-00719,G0719,2025-02-25,2025-03-05,2025-03-06,RM02,RT04,CH05,SG01,No-Show,150,0.0,150.0,1,1,1
RES-00720,G0720,2025-01-03,2025-01-05,2025-01-07,RM03,RT05,CH01,SG02,No-Show,1000,0.0,1000.0,2,2,2
RES-00721,G0721,2025-02-22,2025-02-26,2025-02-28,RM02,RT02,CH01,SG03,Checked-Out,600,108.0,492.0,2,1,0
RES-00722,G0722,2025-01-23,2025-02-02,2025-02-03,RM03,RT01,CH01,SG02,No-Show,500,90.0,410.0,2,1,2
RES-00723,G0723,2025-01-30,2025-02-27,2025-03-02,RM03,RT05,CH01,SG02,Cancelled,750,0.0,750.0,1,2,0
RES-00724,G0724,2025-02-20,2025-03-20,2025-03-22,RM03,RT04,CH01,SG03,Checked-Out,1000,180.0,820.0,2,2,2
RES-00725,G0725,2025-01-03,2025-01-13,2025-01-15,RM02,RT05,CH05,SG03,Checked-Out,300,0.0,300.0,1,2,2
RES-00726,G0726,2025-03-01,2025-03-03,2025-03-06,RM03,RT03,CH01,SG01,Cancelled,1500,0.0,1500.0,2,2,2
RES-00727,G0727,2025-01-03,2025-01-15,2025-01-17,RM01,RT05,CH01,SG03,No-Show,200,0.0,200.0,1,1,1
RES-00728,G0728,2025-01-16,2025-02-03,2025-02-04,RM03,RT04,CH05,SG03,Checked-Out,250,0.0,250.0,1,2,1
RES-00729,G0729,2025-02-27,2025-03-08,2025-03-11,RM03,RT04,CH03,SG01,Checked-Out,1500,255.0,1245.0,2,2,1
RES-00730,G0730,2025-02-01,2025-02-18,2025-02-21,RM01,RT04,CH05,SG03,No-Show,600,0.0,600.0,2,2,2
RES-00731,G0731,2025-01-24,2025-02-19,2025-02-22,RM03,RT01,CH02,SG02,Checked-Out,750,150.0,600.0,1,2,0
RES-00732,G0732,2025-01-19,2025-01-22,2025-01-23,RM01,RT03,CH01,SG03,Checked-Out,200,0.0,200.0,2,1,0
RES-00733,G0733,2025-02-03,2025-02-24,2025-02-25,RM02,RT04,CH05,SG01,Cancelled,300,0.0,300.0,2,2,1
RES-00734,G0734,2025-02-17,2025-03-10,2025-03-11,RM02,RT02,CH01,SG01,Checked-Out,300,54.0,246.0,2,2,2
RES-00735,G0735,2025-01-22,2025-02-12,2025-02-15,RM02,RT04,CH05,SG03,No-Show,900,0.0,900.0,2,2,1
RES-00736,G0736,2025-02-06,2025-02-11,2025-02-13,RM01,RT03,CH02,SG02,Cancelled,400,0.0,400.0,2,1,0
RES-00737,G0737,2025-01-23,2025-02-02,2025-02-04,RM01,RT05,CH02,SG03,No-Show,400,0.0,400.0,2,1,0
RES-00738,G0738,2025-02-23,2025-03-18,2025-03-21,RM03,RT02,CH02,SG01,Checked-Out,750,150.0,600.0,1,2,2
RES-00739,G0739,2025-01-09,2025-01-24,2025-01-26,RM02,RT02,CH02,SG03,No-Show,300,60.0,240.0,1,2,1
RES-00740,G0740,2025-01-10,2025-01-22,2025-01-24,RM03,RT02,CH05,SG02,Checked-Out,500,0.0,500.0,1,2,1
RES-00741,G0741,2025-02-19,2025-02-24,2025-02-26,RM02,RT02,CH01,SG03,No-Show,600,108.0,492.0,2,2,1
RES-00742,G0742,2025-02-27,2025-03-09,2025-03-12,RM03,RT02,CH05,SG03,Cancelled,1500,0.0,1500.0,2,1,2
RES-00743,G0743,2025-01-31,2025-03-01,2025-03-02,RM01,RT05,CH01,SG02,Checked-Out,200,0.0,200.0,2,1,1
RES-00744,G0744,2025-01-23,2025-01-26,2025-01-28,RM01,RT05,CH02,SG03,No-Show,200,0.0,200.0,1,2,0
RES-00745,G0745,2025-01-02,2025-01-05,2025-01-08,RM02,RT01,CH05,SG02,Checked-Out,900,0.0,900.0,2,2,2
RES-00746,G0746,2025-02-08,2025-02-25,2025-02-26,RM03,RT03,CH04,SG01,No-Show,500,0.0,500.0,2,2,1
RES-00747,G0747,2025-01-24,2025-01-25,2025-01-27,RM02,RT03,CH03,SG02,No-Show,300,0.0,300.0,1,1,2
RES-00748,G0748,2025-02-26,2025-03-13,2025-03-16,RM02,RT04,CH03,SG01,No-Show,900,153.0,747.0,2,2,0
RES-00749,G0749,2025-02-23,2025-03-14,2025-03-17,RM01,RT02,CH02,SG02,Cancelled,600,120.0,480.0,2,1,2
RES-00750,G0750,2025-02-18,2025-03-03,2025-03-04,RM01,RT04,CH03,SG02,Checked-Out,200,34.0,166.0,2,1,0
RES-00751,G0751,2025-01-12,2025-02-08,2025-02-10,RM02,RT05,CH04,SG01,Cancelled,600,0.0,600.0,2,2,2
RES-00752,G0752,2025-02-17,2025-03-04,2025-03-05,RM01,RT01,CH02,SG02,Cancelled,200,40.0,160.0,2,1,2
RES-00753,G0753,2025-02-12,2025-03-13,2025-03-15,RM02,RT02,CH04,SG03,No-Show,300,0.0,300.0,1,1,0
RES-00754,G0754,2025-02-18,2025-02-27,2025-03-01,RM01,RT05,CH03,SG03,Cancelled,400,0.0,400.0,2,2,2
RES-00755,G0755,2025-02-13,2025-03-01,2025-03-04,RM01,RT03,CH05,SG03,No-Show,300,0.0,300.0,1,2,0
RES-00756,G0756,2025-02-07,2025-02-09,2025-02-10,RM02,RT04,CH02,SG02,Checked-Out,150,30.0,120.0,1,2,1
RES-00757,G0757,2025-01-27,2025-02-17,2025-02-19,RM01,RT03,CH03,SG03,No-Show,200,0.0,200.0,1,1,2
RES-00758,G0758,2025-01-12,2025-02-06,2025-02-07,RM03,RT02,CH05,SG02,Cancelled,500,0.0,500.0,2,2,2
RES-00759,G0759,2025-02-14,2025-03-09,2025-03-11,RM01,RT05,CH05,SG02,Checked-Out,200,0.0,200.0,1,1,2
RES-00760,G0760,2025-01-19,2025-01-31,2025-02-02,RM02,RT03,CH02,SG01,Checked-Out,300,0.0,300.0,1,1,0
RES-00761,G0761,2025-02-20,2025-03-21,2025-03-24,RM03,RT05,CH05,SG03,No-Show,750,0.0,750.0,1,2,1
RES-00762,G0762,2025-02-28,2025-03-03,2025-03-04,RM01,RT01,CH04,SG02,Cancelled,200,0.0,200.0,2,1,1
RES-00763,G0763,2025-02-26,2025-03-18,2025-03-21,RM02,RT02,CH03,SG01,No-Show,450,76.5,373.5,1,1,0
RES-00764,G0764,2025-02-24,2025-03-19,2025-03-20,RM03,RT02,CH03,SG01,Checked-Out,250,42.5,207.5,1,1,1
RES-00765,G0765,2025-02-14,2025-03-11,2025-03-12,RM01,RT01,CH04,SG02,Checked-Out,100,0.0,100.0,1,1,0
RES-00766,G0766,2025-02-20,2025-03-14,2025-03-17,RM03,RT01,CH04,SG01,Cancelled,750,0.0,750.0,1,1,1
RES-00767,G0767,2025-02-12,2025-02-13,2025-02-14,RM01,RT05,CH02,SG03,Checked-Out,100,0.0,100.0,1,2,0
RES-00768,G0768,2025-01-06,2025-01-11,2025-01-14,RM02,RT05,CH03,SG02,Checked-Out,450,0.0,450.0,1,1,0
RES-00769,G0769,2025-02-22,2025-03-13,2025-03-14,RM03,RT02,CH02,SG02,Checked-Out,250,50.0,200.0,1,1,0
RES-00770,G0770,2025-02-28,2025-03-17,2025-03-20,RM02,RT03,CH05,SG01,Cancelled,450,0.0,450.0,1,1,1
RES-00771,G0771,2025-01-25,2025-02-08,2025-02-09,RM03,RT02,CH04,SG01,Cancelled,250,0.0,250.0,1,2,0
RES-00772,G0772,2025-02-03,2025-02-08,2025-02-10,RM02,RT03,CH05,SG03,Checked-Out,300,0.0,300.0,1,2,1
RES-00773,G0773,2025-01-08,2025-01-21,2025-01-23,RM02,RT05,CH03,SG03,Cancelled,300,0.0,300.0,1,2,1
RES-00774,G0774,2025-02-24,2025-03-10,2025-03-11,RM01,RT04,CH03,SG01,Checked-Out,200,34.0,166.0,2,1,1
RES-00775,G0775,2025-01-29,2025-02-15,2025-02-18,RM03,RT01,CH01,SG01,Cancelled,1500,270.0,1230.0,2,1,2
RES-00776,G0776,2025-03-01,2025-03-30,2025-03-31,RM01,RT03,CH02,SG02,Checked-Out,200,0.0,200.0,2,1,0
RES-00777,G0777,2025-02-23,2025-03-09,2025-03-12,RM02,RT03,CH05,SG03,Cancelled,900,0.0,900.0,2,2,1
RES-00778,G0778,2025-02-12,2025-03-04,2025-03-06,RM02,RT05,CH03,SG01,Cancelled,300,0.0,300.0,1,1,1
RES-00779,G0779,2025-02-01,2025-02-17,2025-02-18,RM03,RT02,CH01,SG01,No-Show,250,45.0,205.0,1,1,1
RES-00780,G0780,2025-02-13,2025-02-14,2025-02-15,RM02,RT05,CH03,SG01,Cancelled,150,0.0,150.0,1,1,2
RES-00781,G0781,2025-02-18,2025-03-07,2025-03-09,RM02,RT02,CH03,SG03,Cancelled,600,102.0,498.0,2,2,2
RES-00782,G0782,2025-01-22,2025-02-17,2025-02-20,RM03,RT01,CH01,SG02,Checked-Out,1500,270.0,1230.0,2,2,1
RES-00783,G0783,2025-02-24,2025-03-09,2025-03-11,RM02,RT01,CH01,SG01,No-Show,600,108.0,492.0,2,1,1
RES-00784,G0784,2025-01-28,2025-02-02,2025-02-04,RM03,RT04,CH04,SG01,No-Show,1000,0.0,1000.0,2,2,1
RES-00785,G0785,2025-02-05,2025-03-05,2025-03-06,RM03,RT01,CH04,SG02,Cancelled,500,0.0,500.0,2,2,1
RES-00786,G0786,2025-01-21,2025-01-23,2025-01-24,RM03,RT01,CH02,SG02,Cancelled,250,50.0,200.0,1,2,1
RES-00787,G0787,2025-01-07,2025-01-21,2025-01-23,RM02,RT04,CH03,SG01,No-Show,300,51.0,249.0,1,1,0
RES-00788,G0788,2025-02-11,2025-02-21,2025-02-24,RM01,RT01,CH03,SG01,Cancelled,300,51.0,249.0,1,1,2
RES-00789,G0789,2025-01-21,2025-01-23,2025-01-25,RM03,RT04,CH05,SG03,Cancelled,1000,0.0,1000.0,2,1,2
RES-00790,G0790,2025-01-31,2025-02-19,2025-02-20,RM02,RT04,CH05,SG02,Cancelled,150,0.0,150.0,1,2,0
RES-00791,G0791,2025-02-14,2025-03-08,2025-03-09,RM02,RT04,CH05,SG03,Cancelled,150,0.0,150.0,1,2,1
RES-00792,G0792,2025-01-28,2025-02-04,2025-02-06,RM03,RT01,CH05,SG01,Cancelled,1000,0.0,1000.0,2,1,1
RES-00793,G0793,2025-02-06,2025-02-19,2025-02-20,RM03,RT01,CH05,SG01,No-Show,500,0.0,500.0,2,2,0
RES-00794,G0794,2025-02-06,2025-03-04,2025-03-07,RM02,RT04,CH02,SG02,Checked-Out,900,180.0,720.0,2,2,1
RES-00795,G0795,2025-02-12,2025-03-02,2025-03-04,RM01,RT04,CH04,SG02,No-Show,400,0.0,400.0,2,1,0
RES-00796,G0796,2025-02-10,2025-03-05,2025-03-08,RM01,RT05,CH04,SG01,No-Show,600,0.0,600.0,2,2,2
RES-00797,G0797,2025-02-04,2025-03-02,2025-03-05,RM02,RT05,CH01,SG03,Checked-Out,900,0.0,900.0,2,2,0
RES-00798,G0798,2025-01-16,2025-01-21,2025-01-24,RM03,RT03,CH04,SG02,Cancelled,750,0.0,750.0,1,1,1
RES-00799,G0799,2025-01-18,2025-02-14,2025-02-16,RM03,RT02,CH03,SG03,No-Show,500,85.0,415.0,1,2,0
RES-00800,G0800,2025-01-08,2025-01-13,2025-01-14,RM01,RT02,CH03,SG02,Cancelled,200,34.0,166.0,2,2,2
RES-00801,G0801,2025-02-27,2025-03-01,2025-03-02,RM01,RT03,CH02,SG01,Cancelled,200,0.0,200.0,2,1,2
RES-00802,G0802,2025-02-24,2025-02-26,2025-03-01,RM02,RT01,CH01,SG01,Cancelled,900,162.0,738.0,2,1,1
RES-00803,G0803,2025-02-27,2025-03-11,2025-03-14,RM03,RT01,CH04,SG03,Checked-Out,750,0.0,750.0,1,1,2
RES-00804,G0804,2025-02-17,2025-03-06,2025-03-07,RM03,RT05,CH05,SG02,Cancelled,250,0.0,250.0,1,1,2
RES-00805,G0805,2025-01-08,2025-02-02,2025-02-04,RM02,RT05,CH04,SG03,No-Show,300,0.0,300.0,1,2,0
RES-00806,G0806,2025-01-10,2025-01-14,2025-01-15,RM01,RT03,CH04,SG02,Cancelled,100,0.0,100.0,1,2,2
RES-00807,G0807,2025-01-24,2025-02-16,2025-02-17,RM02,RT05,CH04,SG02,No-Show,150,0.0,150.0,1,2,0
RES-00808,G0808,2025-01-24,2025-02-09,2025-02-12,RM02,RT03,CH01,SG03,No-Show,450,0.0,450.0,1,1,2
RES-00809,G0809,2025-02-28,2025-03-26,2025-03-29,RM01,RT03,CH05,SG02,Cancelled,600,0.0,600.0,2,1,2
RES-00810,G0810,2025-02-25,2025-03-05,2025-03-07,RM02,RT01,CH04,SG02,Cancelled,300,0.0,300.0,1,1,1
RES-00811,G0811,2025-01-14,2025-02-11,2025-02-12,RM02,RT03,CH04,SG01,Cancelled,150,0.0,150.0,1,2,1
RES-00812,G0812,2025-02-17,2025-03-03,2025-03-05,RM03,RT04,CH01,SG01,No-Show,1000,180.0,820.0,2,1,1
RES-00813,G0813,2025-01-27,2025-02-16,2025-02-19,RM03,RT03,CH04,SG03,Checked-Out,750,0.0,750.0,1,1,2
RES-00814,G0814,2025-01-29,2025-02-24,2025-02-27,RM01,RT01,CH04,SG01,No-Show,600,0.0,600.0,2,2,2
RES-00815,G0815,2025-01-06,2025-01-10,2025-01-11,RM01,RT05,CH02,SG03,No-Show,200,0.0,200.0,2,2,1
RES-00816,G0816,2025-01-31,2025-02-28,2025-03-03,RM01,RT03,CH02,SG03,No-Show,600,0.0,600.0,2,2,0
RES-00817,G0817,2025-01-06,2025-01-20,2025-01-22,RM01,RT04,CH04,SG03,Checked-Out,200,0.0,200.0,1,1,2
RES-00818,G0818,2025-02-11,2025-03-03,2025-03-06,RM01,RT01,CH04,SG01,Cancelled,300,0.0,300.0,1,1,1
RES-00819,G0819,2025-02-09,2025-02-23,2025-02-26,RM02,RT02,CH01,SG02,Checked-Out,450,81.0,369.0,1,1,2
RES-00820,G0820,2025-02-03,2025-02-17,2025-02-19,RM03,RT04,CH01,SG01,No-Show,500,90.0,410.0,1,1,1
RES-00821,G0821,2025-01-19,2025-02-12,2025-02-14,RM02,RT02,CH04,SG01,No-Show,300,0.0,300.0,1,2,2
RES-00822,G0822,2025-02-13,2025-02-20,2025-02-22,RM01,RT04,CH02,SG01,Cancelled,400,80.0,320.0,2,1,2
RES-00823,G0823,2025-01-29,2025-02-28,2025-03-01,RM02,RT05,CH04,SG01,Checked-Out,300,0.0,300.0,2,1,1
RES-00824,G0824,2025-02-14,2025-02-27,2025-03-02,RM01,RT04,CH04,SG03,No-Show,600,0.0,600.0,2,1,0
RES-00825,G0825,2025-02-05,2025-02-07,2025-02-08,RM02,RT02,CH04,SG02,No-Show,150,0.0,150.0,1,1,1
RES-00826,G0826,2025-02-02,2025-02-22,2025-02-24,RM02,RT04,CH03,SG01,No-Show,300,51.0,249.0,1,1,1
RES-00827,G0827,2025-01-11,2025-01-28,2025-01-30,RM02,RT04,CH02,SG01,Cancelled,600,120.0,480.0,2,1,1
RES-00828,G0828,2025-01-08,2025-01-19,2025-01-20,RM01,RT04,CH03,SG03,Cancelled,200,34.0,166.0,2,2,1
RES-00829,G0829,2025-02-09,2025-03-08,2025-03-10,RM03,RT03,CH04,SG01,Cancelled,1000,0.0,1000.0,2,1,2
RES-00830,G0830,2025-02-24,2025-03-26,2025-03-29,RM03,RT04,CH01,SG01,Checked-Out,750,135.0,615.0,1,1,0
RES-00831,G0831,2025-01-03,2025-01-19,2025-01-21,RM01,RT04,CH04,SG01,Cancelled,200,0.0,200.0,1,2,1
RES-00832,G0832,2025-02-15,2025-03-05,2025-03-07,RM02,RT04,CH01,SG03,Checked-Out,300,54.0,246.0,1,2,0
RES-00833,G0833,2025-01-14,2025-02-11,2025-02-13,RM01,RT02,CH05,SG02,No-Show,200,0.0,200.0,1,1,2
RES-00834,G0834,2025-02-19,2025-03-10,2025-03-11,RM02,RT01,CH02,SG02,No-Show,150,30.0,120.0,1,2,0
RES-00835,G0835,2025-01-19,2025-02-10,2025-02-13,RM01,RT04,CH03,SG03,Checked-Out,600,102.0,498.0,2,1,0
RES-00836,G0836,2025-01-06,2025-01-21,2025-01-24,RM03,RT04,CH04,SG03,Cancelled,750,0.0,750.0,1,2,0
RES-00837,G0837,2025-02-11,2025-03-03,2025-03-05,RM02,RT05,CH02,SG01,Checked-Out,600,0.0,600.0,2,2,0
RES-00838,G0838,2025-02-17,2025-02-20,2025-02-23,RM03,RT04,CH01,SG02,Cancelled,750,135.0,615.0,1,1,1
RES-00839,G0839,2025-01-06,2025-01-07,2025-01-08,RM01,RT04,CH04,SG02,No-Show,100,0.0,100.0,1,1,1
RES-00840,G0840,2025-02-01,2025-02-27,2025-03-01,RM03,RT03,CH05,SG01,Cancelled,500,0.0,500.0,1,2,2
RES-00841,G0841,2025-01-13,2025-01-29,2025-01-31,RM02,RT04,CH03,SG03,No-Show,600,102.0,498.0,2,1,1
RES-00842,G0842,2025-02-21,2025-03-05,2025-03-08,RM01,RT04,CH04,SG01,Checked-Out,600,0.0,600.0,2,2,2
RES-00843,G0843,2025-01-15,2025-02-05,2025-02-08,RM03,RT02,CH04,SG03,No-Show,750,0.0,750.0,1,2,1
RES-00844,G0844,2025-01-28,2025-01-31,2025-02-02,RM02,RT02,CH02,SG03,Cancelled,300,60.0,240.0,1,2,1
RES-00845,G0845,2025-02-06,2025-02-08,2025-02-11,RM01,RT01,CH05,SG01,No-Show,600,0.0,600.0,2,2,0
RES-00846,G0846,2025-01-30,2025-02-21,2025-02-24,RM03,RT03,CH03,SG02,No-Show,750,0.0,750.0,1,1,0
RES-00847,G0847,2025-02-17,2025-03-11,2025-03-13,RM01,RT02,CH04,SG01,Checked-Out,400,0.0,400.0,2,2,1
RES-00848,G0848,2025-02-07,2025-03-03,2025-03-05,RM03,RT04,CH05,SG02,Cancelled,500,0.0,500.0,1,1,0
RES-00849,G0849,2025-01-06,2025-01-30,2025-02-02,RM02,RT01,CH04,SG03,Checked-Out,450,0.0,450.0,1,2,0
RES-00850,G0850,2025-01-01,2025-01-07,2025-01-10,RM02,RT04,CH04,SG03,No-Show,900,0.0,900.0,2,2,2
RES-00851,G0851,2025-02-22,2025-03-14,2025-03-16,RM03,RT04,CH03,SG01,Checked-Out,500,85.0,415.0,1,1,0
RES-00852,G0852,2025-01-08,2025-02-04,2025-02-05,RM03,RT02,CH01,SG01,Cancelled,250,45.0,205.0,1,1,1
RES-00853,G0853,2025-02-23,2025-03-16,2025-03-19,RM01,RT01,CH03,SG02,Checked-Out,600,102.0,498.0,2,2,0
RES-00854,G0854,2025-01-08,2025-01-14,2025-01-15,RM03,RT04,CH04,SG02,Checked-Out,500,0.0,500.0,2,1,0
RES-00855,G0855,2025-01-19,2025-02-07,2025-02-09,RM01,RT03,CH01,SG01,No-Show,400,0.0,400.0,2,2,1
RES-00856,G0856,2025-02-17,2025-03-08,2025-03-11,RM03,RT05,CH03,SG01,Cancelled,1500,0.0,1500.0,2,2,2
RES-00857,G0857,2025-02-07,2025-03-03,2025-03-06,RM03,RT04,CH02,SG03,Checked-Out,750,150.0,600.0,1,2,2
RES-00858,G0858,2025-01-21,2025-02-08,2025-02-09,RM02,RT04,CH04,SG01,Cancelled,300,0.0,300.0,2,2,2
RES-00859,G0859,2025-01-28,2025-01-29,2025-01-30,RM02,RT02,CH04,SG02,Cancelled,150,0.0,150.0,1,1,2
RES-00860,G0860,2025-02-28,2025-03-22,2025-03-24,RM03,RT04,CH02,SG02,No-Show,1000,200.0,800.0,2,2,2
RES-00861,G0861,2025-02-11,2025-03-07,2025-03-09,RM02,RT02,CH05,SG01,Cancelled,300,0.0,300.0,1,2,0
RES-00862,G0862,2025-01-12,2025-01-19,2025-01-20,RM03,RT04,CH01,SG02,Cancelled,500,90.0,410.0,2,1,0
RES-00863,G0863,2025-02-05,2025-02-07,2025-02-08,RM02,RT03,CH03,SG03,Checked-Out,150,0.0,150.0,1,1,0
RES-00864,G0864,2025-01-22,2025-02-05,2025-02-06,RM03,RT02,CH01,SG03,Checked-Out,500,90.0,410.0,2,2,1
RES-00865,G0865,2025-02-20,2025-03-04,2025-03-05,RM03,RT03,CH02,SG03,No-Show,250,0.0,250.0,1,1,1
RES-00866,G0866,2025-02-21,2025-03-08,2025-03-09,RM01,RT05,CH05,SG01,No-Show,100,0.0,100.0,1,1,0
RES-00867,G0867,2025-02-10,2025-02-14,2025-02-15,RM02,RT02,CH03,SG03,Cancelled,300,51.0,249.0,2,1,0
RES-00868,G0868,2025-02-11,2025-02-23,2025-02-25,RM01,RT01,CH02,SG02,Cancelled,200,40.0,160.0,1,1,1
RES-00869,G0869,2025-01-22,2025-02-01,2025-02-04,RM01,RT01,CH03,SG02,No-Show,600,102.0,498.0,2,2,2
RES-00870,G0870,2025-02-12,2025-02-20,2025-02-21,RM03,RT04,CH02,SG01,Cancelled,500,100.0,400.0,2,2,1
RES-00871,G0871,2025-03-02,2025-03-30,2025-04-02,RM03,RT03,CH01,SG02,Checked-Out,750,0.0,750.0,1,1,0
RES-00872,G0872,2025-01-22,2025-02-02,2025-02-04,RM01,RT04,CH01,SG02,Checked-Out,200,36.0,164.0,1,1,2
RES-00873,G0873,2025-02-15,2025-03-13,2025-03-16,RM03,RT03,CH04,SG02,No-Show,1500,0.0,1500.0,2,2,1
RES-00874,G0874,2025-01-01,2025-01-28,2025-01-30,RM03,RT05,CH02,SG03,Cancelled,1000,0.0,1000.0,2,1,2
RES-00875,G0875,2025-02-09,2025-03-07,2025-03-10,RM03,RT04,CH03,SG03,Cancelled,750,127.5,622.5,1,2,0
RES-00876,G0876,2025-01-03,2025-01-21,2025-01-23,RM02,RT02,CH05,SG03,Cancelled,300,0.0,300.0,1,1,2
RES-00877,G0877,2025-02-05,2025-02-15,2025-02-18,RM02,RT02,CH01,SG01,No-Show,900,162.0,738.0,2,1,1
RES-00878,G0878,2025-02-16,2025-03-02,2025-03-05,RM01,RT01,CH03,SG02,No-Show,600,102.0,498.0,2,1,0
RES-00879,G0879,2025-02-18,2025-03-11,2025-03-12,RM02,RT03,CH05,SG03,Checked-Out,300,0.0,300.0,2,2,0
RES-00880,G0880,2025-02-21,2025-03-17,2025-03-20,RM03,RT05,CH05,SG01,Cancelled,1500,0.0,1500.0,2,2,2
RES-00881,G0881,2025-02-20,2025-03-19,2025-03-22,RM03,RT02,CH04,SG03,No-Show,750,0.0,750.0,1,1,1
RES-00882,G0882,2025-02-03,2025-02-22,2025-02-23,RM02,RT04,CH01,SG01,No-Show,300,54.0,246.0,2,2,0
RES-00883,G0883,2025-01-06,2025-01-08,2025-01-10,RM01,RT04,CH02,SG02,Checked-Out,400,80.0,320.0,2,2,2
RES-00884,G0884,2025-02-05,2025-02-22,2025-02-24,RM02,RT05,CH04,SG03,Cancelled,600,0.0,600.0,2,2,2
RES-00885,G0885,2025-01-27,2025-02-23,2025-02-24,RM01,RT05,CH02,SG02,No-Show,200,0.0,200.0,2,1,2
RES-00886,G0886,2025-02-02,2025-03-02,2025-03-05,RM01,RT02,CH04,SG02,Checked-Out,300,0.0,300.0,1,2,0
RES-00887,G0887,2025-02-08,2025-03-08,2025-03-10,RM01,RT01,CH03,SG03,Cancelled,200,34.0,166.0,1,1,0
RES-00888,G0888,2025-01-24,2025-02-03,2025-02-05,RM02,RT03,CH04,SG01,Checked-Out,300,0.0,300.0,1,2,0
RES-00889,G0889,2025-03-01,2025-03-30,2025-04-01,RM02,RT02,CH02,SG03,Cancelled,300,60.0,240.0,1,1,2
RES-00890,G0890,2025-01-23,2025-01-26,2025-01-27,RM02,RT04,CH05,SG02,No-Show,300,0.0,300.0,2,2,1
RES-00891,G0891,2025-01-31,2025-02-27,2025-03-02,RM03,RT02,CH02,SG03,No-Show,1500,300.0,1200.0,2,2,2
RES-00892,G0892,2025-01-29,2025-02-03,2025-02-06,RM02,RT01,CH05,SG03,No-Show,900,0.0,900.0,2,2,0
RES-00893,G0893,2025-02-27,2025-03-12,2025-03-14,RM03,RT01,CH04,SG03,Cancelled,500,0.0,500.0,1,1,2
RES-00894,G0894,2025-01-02,2025-01-21,2025-01-24,RM03,RT03,CH05,SG03,Checked-Out,750,0.0,750.0,1,1,2
RES-00895,G0895,2025-02-04,2025-02-23,2025-02-24,RM03,RT05,CH02,SG02,No-Show,250,0.0,250.0,1,1,2
RES-00896,G0896,2025-03-01,2025-03-19,2025-03-20,RM01,RT03,CH02,SG01,No-Show,200,0.0,200.0,2,1,2
RES-00897,G0897,2025-02-08,2025-02-19,2025-02-21,RM03,RT01,CH04,SG01,Cancelled,1000,0.0,1000.0,2,1,1
RES-00898,G0898,2025-01-02,2025-01-30,2025-02-02,RM02,RT04,CH03,SG01,Checked-Out,450,76.5,373.5,1,1,1
RES-00899,G0899,2025-01-10,2025-01-16,2025-01-18,RM01,RT02,CH03,SG02,No-Show,200,34.0,166.0,1,1,2
RES-00900,G0900,2025-01-21,2025-01-27,2025-01-28,RM03,RT01,CH03,SG02,Checked-Out,500,85.0,415.0,2,1,1
RES-00901,G0901,2025-02-27,2025-03-10,2025-03-12,RM02,RT01,CH01,SG01,Checked-Out,300,54.0,246.0,1,2,2
RES-00902,G0902,2025-02-18,2025-03-07,2025-03-09,RM01,RT03,CH01,SG02,Cancelled,400,0.0,400.0,2,1,1
RES-00903,G0903,2025-01-02,2025-01-16,2025-01-19,RM01,RT01,CH03,SG03,No-Show,300,51.0,249.0,1,1,2
RES-00904,G0904,2025-02-11,2025-03-09,2025-03-10,RM02,RT05,CH04,SG02,Checked-Out,150,0.0,150.0,1,1,1
RES-00905,G0905,2025-02-04,2025-02-10,2025-02-11,RM03,RT04,CH05,SG02,Checked-Out,250,0.0,250.0,1,2,2
RES-00906,G0906,2025-01-19,2025-02-09,2025-02-10,RM01,RT01,CH04,SG02,No-Show,200,0.0,200.0,2,2,1
RES-00907,G0907,2025-02-23,2025-03-16,2025-03-17,RM03,RT05,CH03,SG01,Checked-Out,250,0.0,250.0,1,2,0
RES-00908,G0908,2025-01-26,2025-02-18,2025-02-19,RM01,RT05,CH03,SG02,Checked-Out,200,0.0,200.0,2,2,2
RES-00909,G0909,2025-01-17,2025-02-11,2025-02-14,RM02,RT03,CH02,SG03,Cancelled,900,0.0,900.0,2,1,1
RES-00910,G0910,2025-02-08,2025-02-19,2025-02-20,RM03,RT02,CH01,SG03,Cancelled,250,45.0,205.0,1,1,2
RES-00911,G0911,2025-01-12,2025-01-26,2025-01-29,RM03,RT04,CH04,SG03,Checked-Out,750,0.0,750.0,1,1,2
RES-00912,G0912,2025-01-29,2025-02-20,2025-02-21,RM02,RT04,CH05,SG02,Cancelled,150,0.0,150.0,1,1,0
RES-00913,G0913,2025-01-30,2025-02-11,2025-02-12,RM02,RT01,CH02,SG03,Checked-Out,300,60.0,240.0,2,2,0
RES-00914,G0914,2025-01-06,2025-02-02,2025-02-05,RM03,RT03,CH02,SG01,Cancelled,1500,0.0,1500.0,2,1,1
RES-00915,G0915,2025-02-01,2025-03-02,2025-03-05,RM03,RT05,CH02,SG01,Checked-Out,1500,0.0,1500.0,2,1,1
RES-00916,G0916,2025-02-06,2025-02-23,2025-02-25,RM01,RT05,CH02,SG03,No-Show,200,0.0,200.0,1,1,2
RES-00917,G0917,2025-01-09,2025-02-02,2025-02-03,RM01,RT03,CH05,SG01,No-Show,200,0.0,200.0,2,1,2
RES-00918,G0918,2025-01-02,2025-01-25,2025-01-28,RM03,RT05,CH03,SG03,No-Show,1500,0.0,1500.0,2,1,1
RES-00919,G0919,2025-02-11,2025-03-05,2025-03-08,RM01,RT03,CH04,SG02,Cancelled,300,0.0,300.0,1,2,1
RES-00920,G0920,2025-01-24,2025-02-10,2025-02-11,RM03,RT02,CH01,SG02,Cancelled,500,90.0,410.0,2,2,0
RES-00921,G0921,2025-01-26,2025-02-02,2025-02-04,RM01,RT05,CH01,SG03,Checked-Out,400,0.0,400.0,2,1,0
RES-00922,G0922,2025-01-13,2025-01-19,2025-01-21,RM02,RT01,CH01,SG01,Cancelled,600,108.0,492.0,2,1,2
RES-00923,G0923,2025-02-21,2025-03-14,2025-03-16,RM02,RT02,CH01,SG02,Checked-Out,600,108.0,492.0,2,1,1
RES-00924,G0924,2025-02-03,2025-03-01,2025-03-02,RM01,RT05,CH05,SG02,Checked-Out,200,0.0,200.0,2,1,0
RES-00925,G0925,2025-01-04,2025-02-03,2025-02-04,RM02,RT03,CH01,SG01,Checked-Out,300,0.0,300.0,2,1,1
RES-00926,G0926,2025-02-09,2025-03-02,2025-03-04,RM01,RT01,CH01,SG03,Checked-Out,400,72.0,328.0,2,2,1
RES-00927,G0927,2025-01-07,2025-01-27,2025-01-29,RM01,RT05,CH05,SG01,Cancelled,400,0.0,400.0,2,2,1
RES-00928,G0928,2025-02-26,2025-03-18,2025-03-21,RM01,RT03,CH01,SG02,No-Show,600,0.0,600.0,2,1,0
RES-00929,G0929,2025-01-07,2025-01-08,2025-01-11,RM03,RT01,CH05,SG01,No-Show,750,0.0,750.0,1,2,1
RES-00930,G0930,2025-01-27,2025-02-12,2025-02-15,RM03,RT04,CH02,SG01,Checked-Out,750,150.0,600.0,1,1,0
RES-00931,G0931,2025-01-20,2025-02-08,2025-02-10,RM03,RT03,CH03,SG03,No-Show,500,0.0,500.0,1,1,1
RES-00932,G0932,2025-01-20,2025-02-09,2025-02-11,RM02,RT03,CH01,SG03,No-Show,300,0.0,300.0,1,1,0
RES-00933,G0933,2025-02-02,2025-03-01,2025-03-04,RM01,RT04,CH03,SG01,Checked-Out,300,51.0,249.0,1,1,1
RES-00934,G0934,2025-01-13,2025-02-04,2025-02-06,RM03,RT04,CH05,SG03,Cancelled,1000,0.0,1000.0,2,2,1
RES-00935,G0935,2025-01-22,2025-01-28,2025-01-29,RM02,RT01,CH04,SG01,Checked-Out,150,0.0,150.0,1,1,1
RES-00936,G0936,2025-02-09,2025-02-16,2025-02-17,RM02,RT03,CH04,SG01,Cancelled,150,0.0,150.0,1,1,1
RES-00937,G0937,2025-01-01,2025-01-04,2025-01-06,RM01,RT05,CH01,SG01,Cancelled,400,0.0,400.0,2,1,2
RES-00938,G0938,2025-02-07,2025-03-09,2025-03-11,RM01,RT01,CH02,SG01,Cancelled,200,40.0,160.0,1,1,1
RES-00939,G0939,2025-02-16,2025-02-22,2025-02-24,RM03,RT02,CH02,SG01,Checked-Out,500,100.0,400.0,1,2,0
RES-00940,G0940,2025-01-02,2025-01-29,2025-02-01,RM01,RT04,CH01,SG02,Checked-Out,600,108.0,492.0,2,2,0
RES-00941,G0941,2025-01-24,2025-02-19,2025-02-21,RM03,RT02,CH05,SG03,Cancelled,500,0.0,500.0,1,1,0
RES-00942,G0942,2025-02-26,2025-03-28,2025-03-29,RM01,RT02,CH05,SG02,No-Show,200,0.0,200.0,2,2,2
RES-00943,G0943,2025-01-28,2025-02-18,2025-02-19,RM01,RT05,CH05,SG01,No-Show,200,0.0,200.0,2,1,1
RES-00944,G0944,2025-01-16,2025-01-18,2025-01-21,RM02,RT02,CH05,SG03,Cancelled,450,0.0,450.0,1,1,1
RES-00945,G0945,2025-02-20,2025-03-14,2025-03-17,RM01,RT02,CH05,SG02,No-Show,600,0.0,600.0,2,2,2
RES-00946,G0946,2025-01-30,2025-02-05,2025-02-07,RM03,RT03,CH05,SG03,Cancelled,1000,0.0,1000.0,2,2,1
RES-00947,G0947,2025-02-07,2025-02-20,2025-02-23,RM03,RT01,CH02,SG01,Checked-Out,1500,300.0,1200.0,2,1,1
RES-00948,G0948,2025-01-14,2025-01-24,2025-01-26,RM02,RT05,CH02,SG02,Cancelled,300,0.0,300.0,1,1,0
RES-00949,G0949,2025-01-19,2025-02-03,2025-02-06,RM02,RT02,CH05,SG01,Cancelled,900,0.0,900.0,2,2,1
RES-00950,G0950,2025-01-30,2025-02-13,2025-02-15,RM02,RT04,CH03,SG02,Cancelled,300,51.0,249.0,1,1,1
RES-00951,G0951,2025-01-15,2025-01-24,2025-01-27,RM01,RT03,CH01,SG02,No-Show,300,0.0,300.0,1,2,0
RES-00952,G0952,2025-01-07,2025-01-11,2025-01-12,RM02,RT01,CH05,SG01,Cancelled,150,0.0,150.0,1,2,1
RES-00953,G0953,2025-01-20,2025-02-13,2025-02-16,RM02,RT02,CH05,SG01,No-Show,900,0.0,900.0,2,1,1
RES-00954,G0954,2025-01-19,2025-02-15,2025-02-17,RM02,RT04,CH05,SG03,Checked-Out,600,0.0,600.0,2,1,1
RES-00955,G0955,2025-01-15,2025-01-23,2025-01-26,RM03,RT02,CH04,SG01,No-Show,1500,0.0,1500.0,2,2,1
RES-00956,G0956,2025-02-20,2025-02-23,2025-02-25,RM01,RT04,CH04,SG01,Cancelled,400,0.0,400.0,2,1,1
RES-00957,G0957,2025-01-09,2025-01-28,2025-01-29,RM02,RT01,CH04,SG03,Cancelled,300,0.0,300.0,2,1,1
RES-00958,G0958,2025-01-28,2025-02-19,2025-02-21,RM03,RT05,CH03,SG02,No-Show,500,0.0,500.0,1,1,0
RES-00959,G0959,2025-01-10,2025-01-21,2025-01-24,RM03,RT05,CH05,SG03,Cancelled,1500,0.0,1500.0,2,1,1
RES-00960,G0960,2025-01-05,2025-01-23,2025-01-25,RM01,RT04,CH01,SG02,No-Show,400,72.0,328.0,2,2,0
RES-00961,G0961,2025-01-11,2025-01-15,2025-01-18,RM03,RT02,CH01,SG03,No-Show,1500,270.0,1230.0,2,1,0
RES-00962,G0962,2025-01-13,2025-01-16,2025-01-18,RM02,RT02,CH02,SG02,No-Show,300,60.0,240.0,1,2,0
RES-00963,G0963,2025-01-24,2025-02-10,2025-02-11,RM01,RT03,CH04,SG02,Checked-Out,100,0.0,100.0,1,1,2
RES-00964,G0964,2025-01-27,2025-02-12,2025-02-15,RM01,RT04,CH02,SG01,Checked-Out,600,120.0,480.0,2,2,2
RES-00965,G0965,2025-02-12,2025-02-28,2025-03-01,RM03,RT05,CH03,SG03,Checked-Out,500,0.0,500.0,2,2,0
RES-00966,G0966,2025-01-01,2025-01-06,2025-01-08,RM01,RT04,CH05,SG01,No-Show,400,0.0,400.0,2,2,1
RES-00967,G0967,2025-01-30,2025-02-18,2025-02-19,RM03,RT01,CH03,SG03,Cancelled,500,85.0,415.0,2,2,1
RES-00968,G0968,2025-02-09,2025-03-08,2025-03-09,RM02,RT02,CH02,SG03,No-Show,300,60.0,240.0,2,2,1
RES-00969,G0969,2025-02-28,2025-03-22,2025-03-23,RM03,RT05,CH01,SG02,No-Show,250,0.0,250.0,1,1,0
RES-00970,G0970,2025-01-18,2025-02-16,2025-02-19,RM03,RT03,CH01,SG03,No-Show,750,0.0,750.0,1,2,1
RES-00971,G0971,2025-02-18,2025-03-08,2025-03-09,RM02,RT01,CH01,SG03,Cancelled,300,54.0,246.0,2,2,0
RES-00972,G0972,2025-01-17,2025-01-24,2025-01-27,RM01,RT04,CH01,SG01,No-Show,600,108.0,492.0,2,2,1
RES-00973,G0973,2025-02-17,2025-03-02,2025-03-03,RM02,RT01,CH01,SG02,Checked-Out,150,27.0,123.0,1,2,2
RES-00974,G0974,2025-02-17,2025-03-04,2025-03-06,RM02,RT01,CH01,SG03,No-Show,300,54.0,246.0,1,2,0
RES-00975,G0975,2025-01-31,2025-02-27,2025-03-01,RM01,RT02,CH01,SG03,Checked-Out,200,36.0,164.0,1,2,0
RES-00976,G0976,2025-02-04,2025-02-28,2025-03-02,RM01,RT01,CH01,SG03,Cancelled,200,36.0,164.0,1,2,1
RES-00977,G0977,2025-01-12,2025-01-19,2025-01-22,RM01,RT05,CH02,SG02,No-Show,300,0.0,300.0,1,1,1
RES-00978,G0978,2025-02-14,2025-02-24,2025-02-26,RM01,RT05,CH01,SG01,Cancelled,200,0.0,200.0,1,1,1
RES-00979,G0979,2025-02-28,2025-03-08,2025-03-09,RM01,RT01,CH04,SG01,Checked-Out,200,0.0,200.0,2,1,2
RES-00980,G0980,2025-02-12,2025-02-15,2025-02-16,RM01,RT02,CH02,SG01,Cancelled,100,20.0,80.0,1,2,1
RES-00981,G0981,2025-02-05,2025-02-26,2025-02-27,RM03,RT02,CH05,SG02,Cancelled,250,0.0,250.0,1,1,0
RES-00982,G0982,2025-01-07,2025-01-19,2025-01-21,RM01,RT01,CH04,SG03,Cancelled,200,0.0,200.0,1,2,0
RES-00983,G0983,2025-01-30,2025-02-07,2025-02-08,RM03,RT03,CH05,SG02,Checked-Out,250,0.0,250.0,1,1,1
RES-00984,G0984,2025-01-20,2025-02-14,2025-02-17,RM02,RT01,CH05,SG03,Checked-Out,900,0.0,900.0,2,1,2
RES-00985,G0985,2025-01-21,2025-02-11,2025-02-14,RM02,RT02,CH03,SG01,No-Show,900,153.0,747.0,2,2,0
RES-00986,G0986,2025-01-22,2025-01-23,2025-01-26,RM03,RT04,CH04,SG03,No-Show,750,0.0,750.0,1,1,0
RES-00987,G0987,2025-01-02,2025-01-22,2025-01-23,RM02,RT02,CH04,SG01,No-Show,150,0.0,150.0,1,1,0
RES-00988,G0988,2025-01-24,2025-02-09,2025-02-11,RM01,RT02,CH04,SG01,No-Show,200,0.0,200.0,1,1,2
RES-00989,G0989,2025-02-08,2025-02-23,2025-02-26,RM02,RT02,CH03,SG02,No-Show,450,76.5,373.5,1,2,2
RES-00990,G0990,2025-02-22,2025-03-04,2025-03-05,RM01,RT03,CH03,SG01,Checked-Out,100,0.0,100.0,1,1,2
RES-00991,G0991,2025-02-14,2025-03-10,2025-03-11,RM03,RT04,CH05,SG02,Checked-Out,500,0.0,500.0,2,1,0
RES-00992,G0992,2025-02-25,2025-03-13,2025-03-14,RM01,RT01,CH02,SG01,Checked-Out,100,20.0,80.0,1,1,2
RES-00993,G0993,2025-02-05,2025-03-04,2025-03-05,RM01,RT05,CH01,SG02,No-Show,200,0.0,200.0,2,2,0
RES-00994,G0994,2025-02-16,2025-02-23,2025-02-24,RM02,RT02,CH05,SG01,Cancelled,300,0.0,300.0,2,2,2
RES-00995,G0995,2025-01-13,2025-01-22,2025-01-24,RM01,RT03,CH04,SG02,Checked-Out,400,0.0,400.0,2,2,1
RES-00996,G0996,2025-02-02,2025-02-22,2025-02-25,RM02,RT02,CH04,SG01,Cancelled,900,0.0,900.0,2,1,1
RES-00997,G0997,2025-02-08,2025-02-26,2025-02-27,RM03,RT02,CH03,SG02,Cancelled,500,85.0,415.0,2,2,1
RES-00998,G0998,2025-01-25,2025-02-12,2025-02-15,RM02,RT01,CH03,SG01,No-Show,900,153.0,747.0,2,1,0
RES-00999,G0999,2025-02-28,2025-03-07,2025-03-08,RM01,RT05,CH03,SG02,Cancelled,200,0.0,200.0,2,2,2
RES-01000,G1000,2025-01-24,2025-02-06,2025-02-08,RM02,RT05,CH01,SG02,Checked-Out,300,0.0,300.0,1,2,2
